presynaptic cell,postsynaptic cell,weight
ADAL,ADAR,0.092504
ADAL,ASHL,0.021489
ADAL,AVAL,-0.011104
ADAL,AVAR,-0.010898
ADAL,AVBL,-0.011543
ADAL,AVBR,-0.001975
ADAL,AVDL,-0.006632
ADAL,AVDR,0.008926
ADAL,AVEL,0.005427
ADAL,AVER,-0.009421
ADAL,AVJL,-0.008384
ADAL,AVJR,0.003568
ADAL,AWBL,0.007388
ADAL,FLPR,-0.002693
ADAL,OLQVL,0.009568
ADAL,RICL,0.018308
ADAL,RICR,-0.004982
ADAL,RIML,0.007013
ADAL,RIPL,0.002676
ADAL,SAADL,0.008069
ADAL,SMDVR,-0.006400
ADAL,URXL,0.004541
ADAR,ADAL,0.074114
ADAR,ADER,0.034220
ADAR,ASHR,0.000980
ADAR,AVAL,0.019433
ADAR,AVAR,0.005739
ADAR,AVBL,0.006622
ADAR,AVBR,0.013657
ADAR,AVDL,0.002333
ADAR,AVDR,0.014568
ADAR,AVEL,0.001509
ADAR,AVER,0.003433
ADAR,AVJL,0.000794
ADAR,AWBR,0.002722
ADAR,RICL,0.003651
ADAR,RICR,0.002617
ADAR,RIMR,0.009162
ADAR,RIVR,0.008400
ADAR,RMFR,-0.002567
ADAR,SAADR,0.002768
ADAR,SMDDR,-0.001957
ADAR,SMDVL,0.020104
ADAR,URXR,0.003564
ADEL,ADAL,0.018468
ADEL,ADER,-0.021068
ADEL,AINL,0.020383
ADEL,AQR,-0.002943
ADEL,ASJL,0.053790
ADEL,AVAL,0.013179
ADEL,AVAR,-0.001574
ADEL,AVDL,0.001506
ADEL,AVEL,0.004407
ADEL,AVKL,-0.000544
ADEL,AVKR,0.062271
ADEL,CEPDL,0.005482
ADEL,CEPVL,-0.003006
ADEL,FLPL,0.078743
ADEL,IL2L,0.003943
ADEL,OLLL,-0.023001
ADEL,RIAL,0.006853
ADEL,RIGL,0.006003
ADEL,RIGR,0.000017
ADEL,RIH,0.001886
ADEL,RIVL,0.005454
ADEL,RIVR,0.008538
ADEL,RMDDR,0.024183
ADEL,RMDL,0.003138
ADEL,RMDR,-0.010468
ADEL,RMER,-0.001109
ADEL,RMFR,-0.001625
ADEL,RMGL,0.003796
ADEL,SAADR,-0.009998
ADEL,SAAVL,-0.011860
ADEL,SMBDR,-0.003364
ADEL,SMDDR,-0.001711
ADEL,SMDVL,-0.008057
ADEL,URBL,-0.018386
ADER,ADAR,0.078086
ADER,ADEL,-0.015887
ADER,AINR,0.079926
ADER,ALA,0.018754
ADER,AQR,0.094747
ADER,AVAL,0.044714
ADER,AVAR,0.007167
ADER,AVBR,-0.012663
ADER,AVDR,-0.019849
ADER,AVER,0.009478
ADER,AVJR,0.015984
ADER,AVKL,-0.032278
ADER,AVKR,0.027785
ADER,CEPDR,0.008856
ADER,CEPVR,0.004307
ADER,FLPL,0.050607
ADER,FLPR,0.034208
ADER,OLLR,0.023122
ADER,RIGL,0.005216
ADER,RIGR,0.000267
ADER,RIH,0.002203
ADER,RIML,0.001611
ADER,RIVL,0.007234
ADER,RIVR,0.004268
ADER,RMDDL,0.002157
ADER,RMDL,-0.006372
ADER,RMDR,0.013659
ADER,RMFR,0.000518
ADER,SAADL,0.013957
ADER,SAAVL,-0.000186
ADER,SAAVR,0.015501
ADER,SMBVR,0.033034
ADER,URBR,0.004881
ADLL,ADAL,0.003981
ADLL,ADLR,0.071813
ADLL,AIYL,0.003661
ADLL,ALA,0.096287
ADLL,ASEL,0.040310
ADLL,ASER,0.006465
ADLL,ASGL,0.080963
ADLL,ASHL,0.012417
ADLL,ASKL,0.089198
ADLL,AVAL,0.011284
ADLL,AVAR,0.009271
ADLL,AVBL,0.080116
ADLL,AVDL,0.016758
ADLL,AVDR,0.026718
ADLL,AVEL,0.004996
ADLL,AVHL,0.176338
ADLL,AVHR,0.102610
ADLL,AVJL,0.019404
ADLL,AVJR,0.014080
ADLL,AWAL,0.023430
ADLL,AWBL,0.029517
ADLL,OLQVL,0.006744
ADLL,RIPL,0.015699
ADLL,RMGL,0.000491
ADLL,SMBVL,0.002057
ADLR,ADLL,-0.007360
ADLR,ASER,-0.009807
ADLR,ASHR,-0.043683
ADLR,ASKR,0.008598
ADLR,AVAL,0.019980
ADLR,AVAR,0.002596
ADLR,AVBL,-0.026412
ADLR,AVBR,0.004588
ADLR,AVDL,-0.004288
ADLR,AVDR,0.009663
ADLR,AVER,0.013722
ADLR,AVJL,0.002662
ADLR,AVJR,-0.002295
ADLR,AWAR,0.022215
ADLR,AWBR,0.001867
ADLR,OLLR,-0.000882
ADLR,OLQVR,0.003531
ADLR,RICL,-0.006081
ADLR,RICR,0.001820
ADLR,SMBVR,0.007882
ADLR,URYVR,0.003665
AFDL,AFDR,0.139654
AFDL,AINR,-0.281954
AFDL,AIYL,0.006160
AFDL,AIYR,-0.150629
AFDL,AIZL,-0.005742
AFDL,ASER,-0.104939
AFDL,AWBL,-0.002899
AFDL,BAGR,0.013258
AFDR,AFDL,0.099712
AFDR,AIYR,0.023390
AFDR,AIZR,0.013475
AFDR,ASEL,-0.020564
AFDR,ASER,-0.002858
AFDR,BAGL,-0.021383
AIML,ADAL,0.004653
AIML,AIMR,0.075657
AIML,AIZL,0.000247
AIML,ASGL,-0.002099
AIML,ASHL,0.009829
AIML,ASJL,0.065427
AIML,ASKL,-0.007144
AIML,AVAL,-0.001094
AIML,AVBL,-0.002670
AIML,AVBR,-0.004678
AIML,AVDL,0.002775
AIML,AVDR,0.011595
AIML,AVEL,-0.001435
AIML,AVER,-0.010553
AIML,AVHL,-0.040771
AIML,AVHR,0.021685
AIML,AVJL,0.015688
AIML,AWBL,0.014074
AIML,CEPVL,-0.005749
AIML,RID,0.000613
AIML,RMGL,-0.000442
AIML,SMBDR,-0.000459
AIML,SMBVL,0.004881
AIMR,ADAR,-0.026844
AIMR,AIML,0.116486
AIMR,AIYR,0.047533
AIMR,AIZR,0.002984
AIMR,ASGR,0.057759
AIMR,ASHR,-0.016478
AIMR,ASJR,-0.001082
AIMR,ASKR,-0.063767
AIMR,AVAR,0.015221
AIMR,AVDR,-0.001455
AIMR,AVJR,0.008702
AIMR,AWBR,0.018955
AIMR,OLQDR,0.002370
AIMR,RICR,0.017131
AIMR,SMBDL,-0.003593
AIMR,URXR,-0.001848
AINL,ADEL,0.007504
AINL,AFDL,-0.042317
AINL,AFDR,-0.011704
AINL,AINR,-0.400561
AINL,AIYR,-0.028872
AINL,ASEL,-0.010448
AINL,ASGL,-0.009139
AINL,ASGR,-0.085538
AINL,AUAL,0.092768
AINL,AUAR,-0.150127
AINL,AVAR,-0.022723
AINL,BAGL,-0.007967
AINL,BAGR,-0.021049
AINL,CEPVR,0.003014
AINL,RIAR,-0.027436
AINL,RIBL,0.002196
AINL,RIBR,-0.004666
AINL,RID,0.000084
AINL,RIMR,0.004750
AINL,URXR,0.013082
AINR,ADER,-0.003081
AINR,AFDL,0.028264
AINR,AFDR,0.009579
AINR,AINL,0.377023
AINR,ASEL,0.015373
AINR,ASER,-0.023738
AINR,ASGL,0.001975
AINR,ASGR,0.181580
AINR,AUAL,-0.068393
AINR,AUAR,0.106068
AINR,BAGL,0.011081
AINR,BAGR,0.008453
AINR,CEPVL,0.011620
AINR,RIBL,0.003736
AINR,RIBR,0.000895
AINR,RID,0.019485
AINR,RIML,0.017862
AIYL,ADLL,-0.000474
AIYL,AFDL,0.049095
AIYL,AIYR,0.108520
AIYL,AIZL,0.003136
AIYL,AIZR,-0.016504
AIYL,ASEL,0.020811
AIYL,ASER,0.074911
AIYL,ASGL,0.006377
AIYL,AUAL,0.006720
AIYL,AVBL,0.028896
AIYL,AWAL,0.004800
AIYL,AWBL,0.010466
AIYL,BAGR,-0.000322
AIYL,RIAL,0.060267
AIYL,RIAR,-0.049146
AIYL,RIBL,0.002006
AIYL,RIBR,-0.001510
AIYL,RIML,0.017664
AIYR,AFDR,-0.198648
AIYR,AIYL,0.004144
AIYR,AIZR,0.037014
AIYR,ASER,0.007567
AIYR,ASGR,-0.028657
AIYR,AUAR,-0.020108
AIYR,AWAR,-0.032246
AIYR,AWBR,-0.023320
AIYR,BAGL,0.006126
AIYR,RIAR,-0.006521
AIYR,RIBR,-0.004041
AIYR,RIMR,-0.003837
AIZL,AFDL,-0.014180
AIZL,AIZR,0.007963
AIZL,ASEL,-0.061845
AIZL,ASER,-0.004030
AIZL,ASGL,-0.019633
AIZL,ASHL,0.005682
AIZL,ASHR,-0.019759
AIZL,AUAL,-0.001578
AIZL,AUAR,0.002340
AIZL,AVDL,-0.012177
AIZL,AVEL,-0.006476
AIZL,AVER,0.018074
AIZL,AWAL,0.000753
AIZL,AWBL,-0.012507
AIZL,BAGR,0.012417
AIZL,RIAL,0.006537
AIZL,RIAR,-0.014999
AIZL,RID,0.000788
AIZL,RIGL,0.056180
AIZL,RIML,0.000275
AIZL,SMBDL,-0.000266
AIZL,SMBDR,0.001195
AIZL,SMBVL,0.001253
AIZL,SMBVR,0.046427
AIZL,URYDL,-0.004744
AIZR,AFDR,0.100765
AIZR,AIYR,0.067564
AIZR,AIZL,0.011324
AIZR,ASEL,0.042281
AIZR,ASER,0.058389
AIZR,ASGR,-0.019918
AIZR,ASHL,-0.011963
AIZR,ASHR,0.055904
AIZR,AUAR,0.006943
AIZR,AVAL,0.020333
AIZR,AVEL,-0.009960
AIZR,AVER,0.040885
AIZR,AWAR,0.001803
AIZR,AWBL,0.007571
AIZR,AWBR,-0.001540
AIZR,BAGL,0.004854
AIZR,RIAL,-0.007507
AIZR,RIAR,0.012432
AIZR,RIBR,-0.011338
AIZR,RIGL,-0.010581
AIZR,RIH,0.002032
AIZR,RIMR,0.051723
AIZR,SMBDL,0.000424
AIZR,SMBDR,0.000080
AIZR,SMBVR,0.092986
AIZR,SMDDR,0.009664
ALA,ADEL,-0.005844
ALA,ADLL,0.001323
ALA,AVAL,0.031177
ALA,AVAR,0.011349
ALA,AVEL,-0.000262
ALA,AVER,-0.052828
ALA,RID,0.014837
ALA,RMDR,-0.035077
AQR,ADER,0.067354
AQR,AUAR,-0.000885
AQR,AVAL,-0.007177
AQR,AVAR,-0.010979
AQR,AVBL,-0.017750
AQR,AVBR,0.002776
AQR,AVDL,0.012821
AQR,AVDR,0.000909
AQR,AVHL,-0.006071
AQR,AVJL,0.003798
AQR,AVKL,0.068104
AQR,AVKR,-0.011375
AQR,BAGL,0.013640
AQR,BAGR,0.001689
AQR,FLPL,-0.002329
AQR,IL1VL,0.004691
AQR,RIAL,-0.001642
AQR,RIAR,-0.008261
AQR,RIGL,-0.007107
AQR,RIGR,-0.002727
AQR,URXL,0.002384
ASEL,ADLL,-0.013554
ASEL,AFDL,-0.031497
ASEL,AFDR,-0.014819
ASEL,AINL,-0.007125
ASEL,AIYL,-0.007786
ASEL,AIYR,0.026742
ASEL,AIZL,-0.045241
ASEL,AIZR,0.014852
ASEL,ASGL,-0.011963
ASEL,ASHL,-0.014815
ASEL,BAGL,0.021805
ASEL,BAGR,-0.015419
ASEL,RIAR,-0.006914
ASER,AFDL,-0.024031
ASER,AFDR,-0.031896
ASER,AIYL,0.004222
ASER,AIYR,-0.012819
ASER,AIZL,0.014967
ASER,AIZR,0.010369
ASER,ASEL,0.018059
ASER,ASIR,0.017828
ASER,AWAR,0.044657
ASER,BAGR,0.015332
ASER,RIAL,0.004554
ASGL,AIML,-0.024043
ASGL,AINL,-0.029190
ASGL,AINR,0.123531
ASGL,AIYL,-0.001535
ASGL,AIZL,-0.002516
ASGL,ASJL,0.006650
ASGL,ASKL,0.050760
ASGL,CEPVL,0.011828
ASGR,AIMR,0.022040
ASGR,AINL,-0.072868
ASGR,AINR,-0.098532
ASGR,AIYR,-0.054682
ASGR,AIZR,-0.013424
ASHL,ADAL,0.034910
ASHL,ADLL,-0.005179
ASHL,AIYL,-0.003700
ASHL,AIZL,0.020545
ASHL,AIZR,-0.020773
ASHL,ASHR,0.072574
ASHL,ASKL,0.009947
ASHL,AVAL,0.001709
ASHL,AVAR,0.000816
ASHL,AVBL,0.018245
ASHL,AVBR,-0.000126
ASHL,AVDL,0.025138
ASHL,AVDR,0.010747
ASHL,AVEL,0.023422
ASHL,AVHR,-0.013639
ASHL,AVJL,0.008990
ASHL,AVJR,0.011682
ASHL,AWAL,0.030998
ASHL,AWBL,0.010370
ASHL,RIAL,0.003418
ASHL,RICL,0.015501
ASHL,RIML,0.006277
ASHL,RIPL,0.002209
ASHL,RMGL,-0.002134
ASHL,SMBVL,0.002178
ASHL,URXL,0.007448
ASHR,ADAR,-0.013846
ASHR,ADLR,-0.064615
ASHR,AIMR,-0.003121
ASHR,AIYR,-0.010076
ASHR,AIZL,-0.020275
ASHR,AIZR,0.039100
ASHR,ASHL,0.057377
ASHR,ASKR,-0.001838
ASHR,AVAL,0.004696
ASHR,AVAR,0.008118
ASHR,AVBL,0.013979
ASHR,AVBR,0.007539
ASHR,AVDL,0.000852
ASHR,AVDR,0.032160
ASHR,AVER,0.028737
ASHR,AVHL,0.064999
ASHR,AVJL,0.008064
ASHR,AWAR,0.019693
ASHR,AWBR,0.021023
ASHR,RIAR,0.003553
ASHR,RICR,0.018367
ASHR,RIMR,0.011465
ASIL,AFDL,0.071660
ASIL,AIYL,-0.005875
ASIL,AIZL,0.007851
ASIL,ASER,0.101590
ASIL,ASGL,0.015925
ASIL,ASHL,0.007267
ASIL,ASIR,0.147380
ASIL,ASKL,0.032341
ASIL,AWAL,-0.031917
ASIL,BAGR,-0.050798
ASIL,CEPVL,-0.002833
ASIL,RIAL,-0.001559
ASIL,RIBL,0.001325
ASIR,ADLR,0.052422
ASIR,AFDR,0.006856
ASIR,AINL,0.069041
ASIR,AIYR,0.025650
ASIR,ASEL,-0.008849
ASIR,ASGR,0.093983
ASIR,ASHR,0.035334
ASIR,ASIL,0.090850
ASIR,ASKR,0.007173
ASIR,AWAR,-0.011323
ASIR,AWBR,0.003556
ASIR,RIAR,0.017828
ASJL,ALA,0.027528
ASJL,ASGL,-0.003860
ASJL,ASJR,0.019555
ASJL,ASKL,0.010615
ASJR,AINR,0.196859
ASJR,ALA,-0.162532
ASJR,ASJL,0.153454
ASJR,ASKR,-0.098207
ASKL,ADAL,-0.003955
ASKL,ADLL,0.135785
ASKL,AIML,0.011466
ASKL,AINL,0.040017
ASKL,ASEL,-0.000644
ASKL,ASGL,0.084848
ASKL,ASIL,0.127920
ASKL,ASJL,0.007669
ASKL,ASKR,0.172282
ASKL,AWBL,0.013423
ASKL,RMGL,-0.003696
ASKL,SMDDR,-0.003161
ASKR,ADLR,0.003199
ASKR,AIMR,-0.016924
ASKR,ASER,-0.019687
ASKR,ASHR,-0.004333
ASKR,ASKL,0.019468
ASKR,AVDR,-0.016873
ASKR,AVJR,-0.008694
ASKR,AWAR,-0.003129
ASKR,CEPVR,0.002960
AUAL,AINL,0.250298
AUAL,AINR,0.346569
AUAL,AIZL,0.000425
AUAL,AUAR,0.121553
AUAL,AVAL,0.048544
AUAL,AVDR,-0.009822
AUAL,AVEL,-0.009755
AUAL,AWBL,0.003746
AUAL,RIAL,0.036259
AUAL,RIBL,0.001069
AUAL,SAAVL,0.046603
AUAL,URXL,0.053901
AUAR,AINL,-0.236503
AUAR,AINR,-0.160433
AUAR,AIYR,-0.023749
AUAR,AIZL,0.001897
AUAR,AIZR,0.004584
AUAR,AUAL,0.074952
AUAR,AVAR,-0.004102
AUAR,AVDL,0.002556
AUAR,AVER,0.009551
AUAR,AWBR,0.000975
AUAR,BAGL,-0.003058
AUAR,RIAR,-0.024080
AUAR,RIBR,-0.001660
AUAR,URXR,0.036760
AVAL,ADEL,0.002379
AVAL,ADER,0.009832
AVAL,AVAR,0.042134
AVAL,AVEL,0.043826
AVAL,RIGR,-0.003576
AVAL,RIML,0.011891
AVAL,RIMR,0.012258
AVAL,URYDL,0.022399
AVAL,URYVL,-0.002832
AVAL,URYVR,0.002969
AVAR,ADER,0.003623
AVAR,AVAL,0.052912
AVAR,AVER,0.040755
AVAR,RIGL,-0.005232
AVAR,RIML,0.014759
AVAR,RIMR,-0.010912
AVAR,RMDVR,0.027466
AVAR,URYDR,0.013201
AVAR,URYVL,0.005015
AVAR,URYVR,0.007823
AVBL,AQR,-0.028685
AVBL,AVBR,0.017660
AVBL,RIBL,0.004265
AVBL,RIBR,0.013687
AVBL,RID,-0.011674
AVBR,AVBL,0.025542
AVBR,AVDR,0.054442
AVBR,AVJR,0.058337
AVBR,RIBL,-0.000941
AVBR,RIBR,0.000215
AVBR,RID,0.002364
AVDL,ADAL,-0.006775
AVDL,ADAR,-0.001515
AVDL,AVDR,0.042571
AVDL,FLPL,0.018849
AVDR,ADAL,0.010761
AVDR,ADAR,0.036566
AVDR,ADLL,0.012433
AVDR,AVDL,0.033538
AVDR,FLPR,0.040580
AVEL,AVAL,0.105573
AVEL,AVER,0.058965
AVEL,CEPVL,-0.030170
AVEL,OLQDR,-0.015533
AVEL,OLQVR,0.014433
AVEL,RIML,0.050569
AVEL,RIMR,0.015825
AVEL,RIS,0.003632
AVEL,RIVL,0.018573
AVEL,RIVR,-0.009237
AVEL,RMDDR,-0.010208
AVEL,RMDVL,0.049387
AVEL,RMDVR,-0.002923
AVEL,RMED,-0.002237
AVEL,RMEL,-0.018742
AVEL,RMER,-0.021563
AVEL,RMEV,0.009720
AVEL,SAAVL,0.012458
AVEL,URYVR,0.006739
AVER,AIZR,0.014094
AVER,AVAR,0.063755
AVER,AVEL,0.042064
AVER,BAGR,-0.002691
AVER,CEPVR,-0.016005
AVER,OLQDL,-0.008144
AVER,OLQVL,0.001360
AVER,RIML,0.012838
AVER,RIMR,-0.030907
AVER,RIVR,0.015886
AVER,RMDDL,0.009204
AVER,RMDVL,0.005647
AVER,RMDVR,0.016966
AVER,RMEV,-0.018486
AVER,URYDR,0.051789
AVER,URYVL,0.017615
AVHL,ADLR,-0.102352
AVHL,AQR,-0.004065
AVHL,ASHR,0.009850
AVHL,AVAR,-0.008553
AVHL,AVBL,-0.044361
AVHL,AVBR,-0.006610
AVHL,AVDL,-0.002697
AVHL,AVJL,0.017127
AVHL,AWBR,-0.003198
AVHL,BAGL,0.012068
AVHL,RIH,-0.001417
AVHL,RIMR,0.001149
AVHL,RIVL,0.036701
AVHL,SMBDR,0.001557
AVHL,SMBVR,0.005983
AVHL,SMDVL,-0.001188
AVHL,URXR,0.012683
AVHR,ADLL,0.050335
AVHR,ADLR,0.087082
AVHR,AINR,0.322751
AVHR,AQR,0.007053
AVHR,ASHL,-0.011174
AVHR,AVAL,-0.008676
AVHR,AVBL,0.021498
AVHR,AVBR,-0.002643
AVHR,AVDR,0.010482
AVHR,AVER,-0.002330
AVHR,AVHL,0.062442
AVHR,AVJL,0.003257
AVHR,AVJR,0.018008
AVHR,AWBL,-0.013731
AVHR,AWBR,0.000208
AVHR,RICL,0.010600
AVHR,RIGL,-0.003601
AVHR,RIML,0.002611
AVHR,RIVR,0.039366
AVHR,SMBDL,0.001413
AVHR,SMBVL,-0.001074
AVHR,SMDVR,-0.000048
AVHR,URXL,0.014330
AVJL,ADAR,-0.021934
AVJL,AIYR,0.022868
AVJL,AQR,0.012020
AVJL,ASKL,0.010206
AVJL,AVAR,0.002844
AVJL,AVBL,0.013041
AVJL,AVBR,-0.003658
AVJL,AVDL,0.046622
AVJL,AVHL,0.043279
AVJL,AVJR,0.027664
AVJL,RIMR,0.012076
AVJL,RIS,0.002792
AVJR,AIYL,-0.000448
AVJR,AQR,-0.000603
AVJR,AVAL,-0.024233
AVJR,AVBL,-0.009083
AVJR,AVBR,0.060964
AVJR,AVDR,-0.024337
AVJR,AVJL,0.019287
AVJR,RID,-0.002840
AVJR,RIML,-0.008807
AVJR,RIS,0.000369
AVKL,ADER,-0.027417
AVKL,AQR,0.075246
AVKL,AVBL,-0.006467
AVKL,AVEL,-0.001983
AVKL,AVER,-0.001961
AVKL,AVKR,0.048848
AVKL,RICL,-0.033754
AVKL,RICR,-0.000743
AVKL,RIGL,0.027204
AVKL,RIGR,0.002596
AVKL,RIML,0.020377
AVKL,RIMR,0.018998
AVKL,RIS,0.001596
AVKL,RIVL,0.002975
AVKL,RMDL,-0.020409
AVKL,RMFR,-0.001426
AVKL,SAADR,-0.001926
AVKL,SAAVR,-0.013575
AVKL,SMBDL,0.005625
AVKL,SMBDR,-0.001530
AVKL,SMBVL,-0.015082
AVKL,SMBVR,-0.030947
AVKL,SMDDL,-0.001001
AVKL,SMDDR,-0.002096
AVKL,SMDVL,0.011209
AVKR,ADEL,0.008317
AVKR,ADER,0.000504
AVKR,AQR,-0.023508
AVKR,AVEL,0.001985
AVKR,AVER,-0.002805
AVKR,AVKL,0.043706
AVKR,FLPL,0.001061
AVKR,RICL,0.091358
AVKR,RICR,0.050200
AVKR,RIGL,-0.045411
AVKR,RIGR,0.012165
AVKR,RIML,-0.027672
AVKR,RIMR,-0.009875
AVKR,RIS,0.002463
AVKR,RIVL,0.000383
AVKR,RIVR,-0.008077
AVKR,RMDL,0.023951
AVKR,RMDR,0.089193
AVKR,RMFR,0.000985
AVKR,SAADL,-0.001706
AVKR,SAAVL,-0.048070
AVKR,SMBDL,0.002363
AVKR,SMBDR,0.024983
AVKR,SMBVR,0.035005
AVKR,SMDDL,-0.004964
AVKR,SMDDR,0.007640
AVKR,SMDVL,-0.005729
AVKR,SMDVR,-0.000558
AWAL,ADAL,0.001955
AWAL,ADLL,0.014507
AWAL,AFDL,0.074289
AWAL,AIML,0.009151
AWAL,AIYL,0.008320
AWAL,AIZL,0.032522
AWAL,ASEL,0.165710
AWAL,ASGL,0.052506
AWAL,ASHL,0.063982
AWAL,ASIL,-0.049470
AWAL,ASKL,-0.000099
AWAL,AUAL,0.010965
AWAL,AWAR,0.022293
AWAL,AWBL,0.062389
AWAR,ADAR,0.009635
AWAR,ADLR,0.138199
AWAR,AFDR,0.133664
AWAR,AIYR,0.039972
AWAR,AIZR,-0.005668
AWAR,ASEL,0.042679
AWAR,ASER,0.224410
AWAR,ASGR,0.163288
AWAR,ASHR,0.057595
AWAR,ASKR,0.108267
AWAR,AUAR,-0.011097
AWAR,AWAL,0.010198
AWAR,AWBR,0.085127
AWAR,RIGR,-0.001331
AWBL,ADAL,-0.004533
AWBL,AIYL,-0.001955
AWBL,AIZL,-0.011587
AWBL,AIZR,0.006427
AWBL,ASEL,-0.022950
AWBL,ASHL,0.001149
AWBL,AUAL,0.001101
AWBL,AVBL,0.018219
AWBL,AVHR,-0.010626
AWBL,AWAL,0.022634
AWBL,AWBR,0.023243
AWBL,RIAL,0.018375
AWBL,RIBL,0.001573
AWBL,RIGL,0.019887
AWBL,RMGL,0.001245
AWBL,SMBDL,0.000807
AWBL,SMBVL,-0.004576
AWBR,ADAR,0.001071
AWBR,AIMR,0.002520
AWBR,AIYR,-0.011273
AWBR,AIZR,-0.011338
AWBR,ASGR,0.011415
AWBR,ASHR,0.021624
AWBR,AUAR,-0.003530
AWBR,AVBR,0.008116
AWBR,AVHL,-0.001737
AWBR,AWAR,0.046156
AWBR,AWBL,0.030106
AWBR,RIAR,0.030845
AWBR,RIBR,0.000356
AWBR,RICL,0.025311
AWBR,RIGR,0.001373
AWBR,RMFR,0.000804
AWBR,SMBDR,0.006641
AWBR,SMBVR,-0.007958
BAGL,AFDR,0.039523
BAGL,AINL,-0.012491
BAGL,AIYR,0.040438
BAGL,AIZR,-0.011892
BAGL,AVAR,-0.005787
BAGL,AVEL,-0.013882
BAGL,AVER,-0.001295
BAGL,BAGR,0.013215
BAGL,RIAR,0.024776
BAGL,RIBL,-0.008520
BAGL,RIBR,0.015112
BAGL,RIGL,0.011210
BAGL,RIGR,0.007303
BAGL,RIMR,-0.033032
BAGL,RMFR,-0.001598
BAGR,AFDL,0.019755
BAGR,AIYL,-0.000262
BAGR,AIZL,0.007094
BAGR,AQR,0.011886
BAGR,AUAL,0.001783
BAGR,AVAL,0.004081
BAGR,AVDL,0.008324
BAGR,AVEL,0.007559
BAGR,AVER,-0.010237
BAGR,BAGL,0.020580
BAGR,OLQVL,0.015320
BAGR,RIAL,0.062757
BAGR,RIBL,0.017245
BAGR,RIBR,0.021650
BAGR,RID,0.003359
BAGR,RIGL,0.021122
BAGR,RIGR,0.032491
BAGR,URXL,0.005211
CEPDL,ADEL,0.002212
CEPDL,AVER,0.015056
CEPDL,CEPDR,0.180816
CEPDL,IL1DL,0.026781
CEPDL,OLLL,-0.001851
CEPDL,OLQDL,0.031304
CEPDL,RIBL,0.008726
CEPDL,RICL,-0.037702
CEPDL,RICR,0.029023
CEPDL,RIH,0.011052
CEPDL,RIPL,-0.004870
CEPDL,RIS,0.005636
CEPDL,RMDVL,-0.008359
CEPDL,RMGL,0.000425
CEPDL,SMBDR,0.004463
CEPDL,SMDDR,0.025370
CEPDL,URADL,-0.002716
CEPDL,URBL,0.018611
CEPDL,URXL,0.067578
CEPDL,URYDL,-0.016193
CEPDR,AVBL,0.012219
CEPDR,AVDR,0.020731
CEPDR,AVEL,0.002811
CEPDR,AVJR,-0.000703
CEPDR,CEPDL,0.082469
CEPDR,IL1DR,-0.001698
CEPDR,OLLR,0.010644
CEPDR,OLQDR,0.011628
CEPDR,RIBR,-0.000263
CEPDR,RICL,-0.021586
CEPDR,RICR,0.013041
CEPDR,RIH,-0.010752
CEPDR,RIS,-0.003971
CEPDR,RMDDL,0.006322
CEPDR,RMDDR,0.006998
CEPDR,RMDR,-0.010584
CEPDR,RMDVR,-0.002770
CEPDR,SMBDL,0.003325
CEPDR,SMBDR,0.003196
CEPDR,SMDDL,-0.005212
CEPDR,URADR,0.007942
CEPDR,URBR,0.006581
CEPDR,URXR,0.103791
CEPDR,URYDR,0.010539
CEPVL,ADLL,-0.001661
CEPVL,AVEL,-0.019589
CEPVL,AVER,-0.009068
CEPVL,IL1VL,-0.012662
CEPVL,OLLL,-0.000668
CEPVL,OLQVL,-0.013834
CEPVL,RIAL,0.039406
CEPVL,RIBL,-0.006137
CEPVL,RICL,0.037593
CEPVL,RICR,-0.019116
CEPVL,RIH,0.017896
CEPVL,RIPL,-0.020390
CEPVL,RMDDL,0.004033
CEPVL,SMBVL,-0.003039
CEPVL,SMDDL,-0.000179
CEPVL,SMDVR,-0.036791
CEPVL,URAVL,-0.011448
CEPVL,URBL,0.148731
CEPVL,URXL,-0.006759
CEPVL,URYVL,-0.023926
CEPVR,ASGR,0.043498
CEPVR,AVBR,-0.005834
CEPVR,AVEL,-0.008043
CEPVR,AVER,-0.007828
CEPVR,IL1VR,-0.005454
CEPVR,IL2VR,0.013789
CEPVR,OLLR,-0.021698
CEPVR,OLQVR,-0.039533
CEPVR,RIBR,-0.011398
CEPVR,RICL,-0.005556
CEPVR,RICR,0.007531
CEPVR,RIH,0.012626
CEPVR,RIVL,-0.005660
CEPVR,RMDDR,0.006031
CEPVR,RMDR,-0.019158
CEPVR,SMBVR,0.015861
CEPVR,SMDVL,0.003895
CEPVR,URAVR,-0.044340
CEPVR,URBR,0.032951
CEPVR,URXR,0.009692
CEPVR,URYVR,-0.008104
FLPL,ADAL,0.009621
FLPL,ADAR,-0.016663
FLPL,ADEL,0.080264
FLPL,ADER,0.060857
FLPL,AVAL,-0.020795
FLPL,AVAR,-0.007410
FLPL,AVBL,-0.004450
FLPL,AVBR,0.001155
FLPL,AVDL,0.005073
FLPL,AVDR,0.002836
FLPL,AVEL,-0.007579
FLPL,AVER,-0.011400
FLPL,AVJL,0.020624
FLPL,AVKR,-0.029451
FLPL,FLPR,0.013224
FLPL,RIH,-0.004800
FLPL,RIML,0.005645
FLPL,RIS,-0.004845
FLPR,ADAR,-0.014911
FLPR,ADER,0.048323
FLPR,AVAL,-0.019681
FLPR,AVAR,-0.003992
FLPR,AVBL,-0.003014
FLPR,AVBR,0.015713
FLPR,AVDL,0.008470
FLPR,AVDR,0.032653
FLPR,AVEL,-0.002608
FLPR,AVER,-0.003755
FLPR,AVJR,0.000852
FLPR,FLPL,-0.002650
FLPR,RIGL,0.013156
FLPR,RIH,-0.001167
IL1DL,IL1DR,0.047412
IL1DL,IL1VL,0.012610
IL1DL,OLLL,0.088959
IL1DL,RIH,-0.000599
IL1DL,RIPL,0.032544
IL1DL,RMDDR,-0.008421
IL1DL,RMDVL,0.018009
IL1DL,RMEL,-0.013651
IL1DL,RMEV,0.004320
IL1DL,URADL,0.065222
IL1DL,URYDL,0.091896
IL1DR,IL1DL,0.054321
IL1DR,IL1VR,0.029523
IL1DR,OLLL,0.032838
IL1DR,OLLR,0.052290
IL1DR,OLQDR,0.098924
IL1DR,RMDDL,0.008165
IL1DR,RMDVR,0.001712
IL1DR,RMER,0.001836
IL1DR,RMEV,0.035131
IL1VL,IL1DL,0.013946
IL1VL,IL1VR,0.060536
IL1VL,OLLL,-0.007057
IL1VL,RIPL,-0.030516
IL1VL,RMDDL,0.002394
IL1VL,RMDVR,-0.004256
IL1VL,RMED,0.025429
IL1VL,RMEL,-0.005850
IL1VL,RMER,-0.017906
IL1VL,RMEV,-0.006052
IL1VL,URAVL,-0.016893
IL1VL,URYVL,0.000312
IL1VR,IL1DR,0.015000
IL1VR,IL1VL,0.081758
IL1VR,IL2VR,0.036836
IL1VR,OLLR,0.021089
IL1VR,RMDDR,0.000694
IL1VR,RMED,-0.000372
IL1VR,RMER,-0.011948
IL2DL,ADAL,0.013217
IL2DL,AUAL,-0.001204
IL2DL,AVEL,-0.003543
IL2DL,CEPDL,0.008388
IL2DL,IL1DL,0.005169
IL2DL,IL2L,-0.003959
IL2DL,OLQDL,0.015754
IL2DL,RIBL,-0.001629
IL2DL,RICR,0.000506
IL2DL,RIGL,0.000432
IL2DL,RIH,0.002602
IL2DL,RIPL,0.005299
IL2DL,RMDVL,0.008738
IL2DL,RMED,-0.001023
IL2DL,RMEL,0.004302
IL2DL,RMER,0.000838
IL2DL,RMEV,0.000739
IL2DL,URADL,-0.004193
IL2DL,URYDL,-0.003645
IL2DR,ASIR,0.024149
IL2DR,AVER,-0.001601
IL2DR,CEPDR,-0.000666
IL2DR,IL1DR,0.008816
IL2DR,OLQDR,-0.027022
IL2DR,RICL,0.033976
IL2DR,RICR,0.024869
IL2DR,RIH,-0.001356
IL2DR,RMDVR,0.004658
IL2DR,RMED,-0.003260
IL2DR,RMEL,-0.015880
IL2DR,RMER,0.034614
IL2DR,RMEV,-0.002165
IL2DR,URADR,0.023273
IL2DR,URXR,0.007690
IL2L,ADEL,0.008419
IL2L,ADLL,0.001768
IL2L,AVEL,0.005734
IL2L,IL1DL,-0.012785
IL2L,OLLL,0.070017
IL2L,OLQDL,-0.021337
IL2L,OLQVL,0.001363
IL2L,RICL,0.057806
IL2L,RICR,-0.013876
IL2L,RIH,-0.003060
IL2L,RMDL,0.007659
IL2L,RMDR,-0.003454
IL2L,RMER,0.011097
IL2L,RMEV,-0.003886
IL2L,RMGL,0.000660
IL2L,SAADR,0.000266
IL2L,SMBVL,-0.009216
IL2L,URAVL,-0.006974
IL2L,URBL,0.272624
IL2L,URXL,0.028070
IL2VL,BAGR,0.029630
IL2VL,IL1VL,0.004111
IL2VL,IL2L,-0.004987
IL2VL,OLQVL,0.119615
IL2VL,RIAL,-0.012748
IL2VL,RIBL,-0.008860
IL2VL,RIH,-0.016864
IL2VL,RIPL,-0.027700
IL2VL,RMDDL,-0.007014
IL2VL,RMED,-0.037564
IL2VL,RMEL,-0.009366
IL2VL,RMER,-0.007356
IL2VL,RMEV,-0.018081
IL2VL,URAVL,-0.004019
IL2VL,URXL,0.001613
IL2VR,CEPVR,0.008122
IL2VR,IL1VR,0.013761
IL2VR,OLQVR,-0.009496
IL2VR,RIAR,-0.015318
IL2VR,RIH,0.001800
IL2VR,RMDDR,-0.005003
IL2VR,RMDVL,0.004387
IL2VR,RMED,-0.000725
IL2VR,RMEL,0.000605
IL2VR,RMER,0.001982
IL2VR,RMEV,-0.007098
IL2VR,URAVR,-0.000067
IL2VR,URXR,0.006243
IL2VR,URYVR,0.007472
OLLL,ADEL,-0.018500
OLLL,AVER,-0.007212
OLLL,CEPDL,0.052278
OLLL,CEPVL,0.002356
OLLL,IL1DL,0.027588
OLLL,IL1DR,0.010299
OLLL,IL1VL,-0.021027
OLLL,IL2L,0.059857
OLLL,OLLR,0.047809
OLLL,OLQDL,0.024849
OLLL,OLQVL,0.002222
OLLL,RIBL,-0.002074
OLLL,RIBR,-0.007001
OLLL,RIGL,0.013583
OLLL,RMDDL,-0.009348
OLLL,RMDL,-0.007007
OLLL,RMDR,-0.001521
OLLL,RMDVL,-0.007954
OLLL,RMED,-0.008184
OLLL,RMEL,0.004025
OLLL,RMEV,-0.016004
OLLL,SMDDL,-0.005527
OLLL,SMDDR,-0.000492
OLLL,SMDVL,0.004444
OLLL,SMDVR,0.019022
OLLL,URXL,-0.024962
OLLL,URYDL,0.113230
OLLL,URYVL,0.045387
OLLR,AVEL,-0.002846
OLLR,CEPDR,0.000311
OLLR,CEPVR,-0.038816
OLLR,IL1DR,0.017227
OLLR,IL1VR,0.011693
OLLR,OLLL,0.042041
OLLR,OLQDR,0.010850
OLLR,OLQVR,0.038158
OLLR,RIBR,0.040188
OLLR,RIGR,-0.012680
OLLR,RMDDR,-0.001180
OLLR,RMDL,-0.024582
OLLR,RMDR,0.012146
OLLR,RMDVR,-0.007577
OLLR,RMEL,0.014281
OLLR,RMER,0.028125
OLLR,SMDDL,-0.002690
OLLR,SMDDR,0.016130
OLLR,SMDVL,0.006640
OLLR,SMDVR,-0.011247
OLLR,URYVR,0.089046
OLQDL,AVER,-0.010708
OLQDL,CEPDL,-0.000960
OLQDL,IL1DL,0.011199
OLQDL,IL2DL,0.054953
OLQDL,IL2L,-0.027785
OLQDL,OLLL,0.041084
OLQDL,RIBL,-0.017891
OLQDL,RICL,-0.024012
OLQDL,RICR,-0.017846
OLQDL,RIGL,0.021616
OLQDL,RIH,0.000287
OLQDL,RMDDL,-0.012074
OLQDL,RMDDR,0.005449
OLQDL,RMDVL,-0.001206
OLQDL,RMEV,-0.000126
OLQDL,SMBDR,-0.008786
OLQDL,URBL,0.202885
OLQDR,AVEL,-0.008243
OLQDR,CEPDR,-0.004938
OLQDR,IL1DR,0.054825
OLQDR,OLLR,0.002125
OLQDR,RIBR,0.013140
OLQDR,RICL,0.000216
OLQDR,RICR,0.011278
OLQDR,RIGR,0.018206
OLQDR,RIH,-0.001127
OLQDR,RMDDL,-0.002665
OLQDR,RMDVR,0.010942
OLQDR,RMER,-0.011973
OLQDR,SMBDL,-0.000387
OLQDR,URBR,0.037115
OLQVL,ADAL,0.004260
OLQVL,ADLL,0.002493
OLQVL,AVER,-0.002928
OLQVL,CEPVL,-0.006826
OLQVL,IL1VL,0.006750
OLQVL,IL2L,0.001809
OLQVL,IL2VL,0.125460
OLQVL,RIBL,0.003253
OLQVL,RICL,0.022837
OLQVL,RICR,-0.001351
OLQVL,RIGL,-0.000148
OLQVL,RIH,0.009740
OLQVL,RIPL,0.011502
OLQVL,RMDDL,0.002388
OLQVL,RMDVR,0.002469
OLQVL,RMED,0.011055
OLQVL,RMEL,0.049873
OLQVL,RMGL,0.000297
OLQVL,URBL,-0.005461
OLQVR,AVEL,0.015961
OLQVR,CEPVR,-0.061900
OLQVR,IL1VR,0.001355
OLQVR,IL2VR,-0.013535
OLQVR,OLLR,0.031913
OLQVR,RIBR,-0.019989
OLQVR,RICL,-0.025819
OLQVR,RICR,0.008532
OLQVR,RIGR,-0.003704
OLQVR,RIH,0.013441
OLQVR,RMDDR,-0.014167
OLQVR,RMDVL,0.015460
OLQVR,RMED,-0.012053
OLQVR,RMER,0.006990
OLQVR,URBR,0.061000
RIAL,BAGR,0.022565
RIAL,CEPDL,0.022175
RIAL,CEPVL,0.034914
RIAL,RIAR,0.041281
RIAL,RIML,-0.033009
RIAL,RIVL,-0.012467
RIAL,RIVR,0.006738
RIAL,RMDDL,0.017061
RIAL,RMDDR,0.001629
RIAL,RMDL,0.001912
RIAL,RMDR,0.007922
RIAL,RMDVL,0.033199
RIAL,RMDVR,0.015370
RIAL,SMBDL,-0.007663
RIAL,SMBDR,0.009721
RIAL,SMBVL,0.010265
RIAL,SMBVR,0.046012
RIAL,SMDDL,-0.024482
RIAL,SMDDR,-0.016804
RIAL,SMDVL,0.076613
RIAL,SMDVR,0.040233
RIAL,URXL,0.005733
RIAR,AVAR,0.009517
RIAR,CEPDL,-0.006978
RIAR,CEPDR,0.061660
RIAR,CEPVL,0.005187
RIAR,CEPVR,0.009734
RIAR,RIAL,0.049200
RIAR,RIVL,0.026234
RIAR,RIVR,0.002394
RIAR,RMDDL,-0.005116
RIAR,RMDDR,0.006152
RIAR,RMDL,0.004676
RIAR,RMDR,0.018016
RIAR,RMDVL,0.003125
RIAR,RMDVR,0.022591
RIAR,RMFR,-0.004358
RIAR,SAADR,-0.001722
RIAR,SAAVL,0.024763
RIAR,SMBDL,0.017946
RIAR,SMBVL,-0.018241
RIAR,SMDDL,-0.014997
RIAR,SMDDR,-0.015761
RIAR,SMDVL,0.020321
RIAR,SMDVR,0.026719
RIBL,AIYL,0.000687
RIBL,AIZL,-0.001588
RIBL,AUAL,0.003521
RIBL,AUAR,-0.004114
RIBL,AVAL,-0.014206
RIBL,AVAR,0.004115
RIBL,AVBL,0.042171
RIBL,AVBR,-0.002834
RIBL,AVDR,0.006394
RIBL,AVEL,0.001490
RIBL,AVER,-0.015763
RIBL,BAGL,-0.008852
RIBL,BAGR,0.029854
RIBL,CEPDL,0.009220
RIBL,CEPVL,0.004063
RIBL,OLLL,-0.006304
RIBL,OLQDL,-0.014698
RIBL,OLQVL,-0.001877
RIBL,RIAL,-0.038159
RIBL,RIBR,-0.006913
RIBL,RIGL,-0.001446
RIBL,RIH,-0.005095
RIBL,RIML,0.000902
RIBL,RIS,-0.000825
RIBL,RIVL,0.103216
RIBL,RMDR,-0.039731
RIBL,SMBDL,-0.002329
RIBL,SMDDL,0.026843
RIBL,SMDDR,-0.017310
RIBL,SMDVL,0.033374
RIBL,SMDVR,-0.033290
RIBL,URYDL,0.001215
RIBL,URYVL,0.020057
RIBR,AIZR,-0.002606
RIBR,AUAR,0.001496
RIBR,AVAR,0.007587
RIBR,AVBL,0.073444
RIBR,AVBR,-0.000763
RIBR,AVDL,0.012626
RIBR,AVEL,0.002336
RIBR,AVER,0.022952
RIBR,AWBR,0.010073
RIBR,BAGL,0.036053
RIBR,BAGR,0.047147
RIBR,OLLR,0.058478
RIBR,OLQDR,0.022341
RIBR,OLQVR,-0.018647
RIBR,RIAR,0.018215
RIBR,RIBL,-0.002331
RIBR,RIGR,-0.016220
RIBR,RIH,0.004384
RIBR,RIMR,0.070929
RIBR,RIS,-0.002506
RIBR,RMDL,0.021130
RIBR,RMFR,0.000849
RIBR,SMBDR,0.002639
RIBR,SMDDL,0.010260
RIBR,SMDDR,-0.000267
RIBR,SMDVL,-0.008263
RIBR,URYDR,0.084608
RIBR,URYVR,-0.010278
RICL,ADAL,-0.016014
RICL,ADAR,0.017348
RICL,ASHL,0.004809
RICL,AVAL,-0.009604
RICL,AVAR,0.002467
RICL,AVBR,-0.000579
RICL,AVDL,0.002513
RICL,AVEL,0.005046
RICL,AVKL,-0.014845
RICL,AVKR,0.028420
RICL,AWBR,0.020675
RICL,CEPDL,-0.034893
RICL,CEPDR,0.047669
RICL,CEPVL,0.042690
RICL,CEPVR,0.012565
RICL,RICR,-0.009218
RICL,RIML,-0.009580
RICL,RIMR,-0.004205
RICL,RIVL,-0.021530
RICL,RIVR,0.004304
RICL,RMFR,-0.002373
RICL,SAADL,0.028140
RICL,SMBDL,0.009521
RICL,SMBDR,0.006983
RICL,SMDDL,0.001846
RICL,SMDDR,0.046164
RICL,SMDVL,-0.018493
RICL,SMDVR,-0.004270
RICL,URBL,0.088873
RICL,URXL,-0.000363
RICL,URXR,0.005585
RICR,ADAL,-0.022000
RICR,ADAR,0.001425
RICR,ASHR,-0.005883
RICR,AVAL,0.000683
RICR,AVAR,-0.015016
RICR,AVBL,-0.006578
RICR,AVKL,0.000772
RICR,AVKR,-0.003038
RICR,CEPDL,0.019604
RICR,CEPVL,-0.021961
RICR,CEPVR,-0.013582
RICR,RICL,-0.017179
RICR,RIML,-0.002838
RICR,RIMR,0.001386
RICR,RIS,-0.005604
RICR,RIVL,-0.017660
RICR,RIVR,0.000247
RICR,RMGL,0.004964
RICR,SAADR,-0.004164
RICR,SMBDR,0.004944
RICR,SMDDL,0.004466
RICR,SMDDR,-0.000261
RICR,SMDVL,-0.011220
RICR,SMDVR,-0.007763
RICR,URBL,0.009975
RID,AIZR,0.001593
RID,ALA,0.150292
RID,AVBL,-0.083610
RID,AVBR,0.003883
RID,RICR,0.052214
RIGL,AIZL,0.009831
RIGL,AIZR,-0.000336
RIGL,AQR,0.007592
RIGL,ASHL,0.009052
RIGL,AVBR,0.000532
RIGL,AVEL,-0.001925
RIGL,AVER,-0.002166
RIGL,AVKL,0.003950
RIGL,AVKR,-0.021424
RIGL,BAGR,-0.015939
RIGL,OLLL,-0.003979
RIGL,OLQDL,0.008474
RIGL,OLQVL,-0.005076
RIGL,RIAL,-0.007297
RIGL,RIBL,-0.003655
RIGL,RIGR,-0.001048
RIGL,RIML,-0.002065
RIGL,RIVR,0.003698
RIGL,RMEL,0.002975
RIGL,RMFR,0.003561
RIGL,RMGL,0.000739
RIGL,SAADL,-0.010205
RIGL,URXL,-0.001368
RIGL,URYDL,0.006077
RIGL,URYVL,-0.005504
RIGR,AIZL,-0.002572
RIGR,AIZR,0.001254
RIGR,AQR,0.004922
RIGR,AVEL,0.002884
RIGR,AVER,0.007888
RIGR,AVKL,-0.004777
RIGR,AVKR,0.074947
RIGR,BAGL,0.001636
RIGR,BAGR,0.062711
RIGR,OLLR,-0.007204
RIGR,OLQDR,0.025666
RIGR,OLQVR,0.000299
RIGR,RIBR,-0.009712
RIGR,RIGL,0.044799
RIGR,RMFR,-0.000945
RIGR,SAADR,0.001960
RIGR,URYDR,0.049431
RIGR,URYVR,0.004927
RIH,AIYL,0.000181
RIH,AIYR,-0.014045
RIH,AIZL,-0.002927
RIH,AIZR,0.004836
RIH,AUAL,0.004592
RIH,AUAR,-0.006446
RIH,AVEL,0.014724
RIH,AVER,0.007263
RIH,BAGL,0.029812
RIH,BAGR,0.034334
RIH,CEPDL,0.004833
RIH,CEPDR,-0.024809
RIH,CEPVL,0.049946
RIH,CEPVR,0.056605
RIH,FLPL,0.005972
RIH,FLPR,0.003012
RIH,IL1VL,0.042044
RIH,IL1VR,0.011767
RIH,IL2L,0.009908
RIH,IL2VL,0.001695
RIH,IL2VR,0.029727
RIH,OLQDL,0.003561
RIH,OLQDR,-0.017417
RIH,OLQVL,0.010106
RIH,OLQVR,0.053450
RIH,RIAL,0.017040
RIH,RIAR,0.006650
RIH,RIBL,-0.002271
RIH,RIBR,0.004413
RIH,RIGR,-0.005610
RIH,RIPL,0.056215
RIH,RMED,-0.019824
RIH,RMER,0.034216
RIH,RMEV,-0.001299
RIH,SMDVL,-0.007507
RIH,URAVL,0.088265
RIH,URAVR,0.102400
RIH,URYVL,0.063336
RIH,URYVR,0.029865
RIML,ADAL,0.020863
RIML,ADER,0.014445
RIML,AIYL,0.000757
RIML,AIZL,-0.004102
RIML,AVAL,0.023735
RIML,AVAR,0.039877
RIML,AVBL,-0.014425
RIML,AVBR,-0.002442
RIML,AVEL,0.033238
RIML,AVER,0.029758
RIML,AVJR,0.000529
RIML,AVKL,0.008847
RIML,AVKR,-0.046094
RIML,FLPL,-0.000118
RIML,OLLR,0.000138
RIML,RIAL,-0.019039
RIML,RIBL,0.002152
RIML,RIBR,-0.012736
RIML,RIGL,0.004389
RIML,RIMR,0.011553
RIML,RIS,-0.004214
RIML,RMDL,0.089875
RIML,RMDR,0.069064
RIML,RMFR,-0.006822
RIML,SAADL,0.077311
RIML,SAADR,0.013255
RIML,SAAVL,0.012555
RIML,SAAVR,0.003982
RIML,SMDDL,0.007248
RIML,SMDDR,0.028232
RIML,SMDVL,-0.057410
RIML,SMDVR,0.003776
RIML,URXL,-0.012302
RIMR,ADAR,0.017077
RIMR,AIYR,-0.000296
RIMR,AUAR,-0.001414
RIMR,AVAL,-0.001490
RIMR,AVAR,-0.017659
RIMR,AVBL,0.016158
RIMR,AVBR,0.000086
RIMR,AVEL,0.005808
RIMR,AVER,-0.041331
RIMR,AVJL,0.004069
RIMR,AVKL,0.015134
RIMR,BAGL,-0.048359
RIMR,RIAL,-0.001054
RIMR,RIBL,-0.008843
RIMR,RIBR,0.041115
RIMR,RIGR,0.005994
RIMR,RIML,-0.016659
RIMR,RIS,0.000377
RIMR,RMDL,0.014066
RIMR,RMDR,0.004019
RIMR,RMFR,0.001784
RIMR,SAADL,0.004819
RIMR,SAADR,0.008830
RIMR,SAAVL,0.015049
RIMR,SAAVR,0.020591
RIMR,SMDDL,0.005659
RIMR,SMDDR,0.003039
RIMR,SMDVL,0.020545
RIMR,SMDVR,-0.022676
RIPL,OLQDL,0.063757
RIPL,OLQDR,0.112086
RIPL,OLQVL,0.007025
RIPL,RMED,0.049343
RIS,AVEL,0.009961
RIS,AVER,-0.012365
RIS,AVJL,0.001173
RIS,AVJR,-0.004936
RIS,AVKL,0.000447
RIS,AVKR,0.021067
RIS,CEPDL,-0.013716
RIS,CEPDR,0.026532
RIS,CEPVL,0.003779
RIS,CEPVR,0.003179
RIS,OLLL,0.002482
RIS,OLLR,0.034825
RIS,OLQDR,0.002195
RIS,RIBL,-0.002886
RIS,RIBR,-0.003179
RIS,RICL,-0.079920
RIS,RICR,-0.066282
RIS,RIML,-0.019218
RIS,RIMR,-0.029531
RIS,RMDDL,0.000960
RIS,RMDDR,0.006038
RIS,RMDL,0.016825
RIS,RMDR,-0.021998
RIS,RMEV,-0.002482
RIS,RMFR,0.000615
RIS,SMDDL,0.005223
RIS,SMDDR,0.014183
RIS,SMDVL,-0.017205
RIS,SMDVR,-0.003290
RIS,URYDL,0.013127
RIS,URYDR,0.019745
RIS,URYVL,0.009327
RIS,URYVR,-0.004661
RIVL,AVEL,-0.000196
RIVL,RIAL,0.029793
RIVL,RIAR,0.031992
RIVL,RIBL,0.063831
RIVL,RIVR,0.056789
RIVL,RMDDR,-0.001320
RIVL,RMDL,-0.004291
RIVL,RMDVL,-0.007836
RIVL,RMFR,0.002365
RIVL,SAADR,-0.000648
RIVL,SMDDR,-0.001891
RIVL,SMDVL,-0.007841
RIVR,AVEL,-0.003711
RIVR,AVER,0.009103
RIVR,RIAL,-0.009359
RIVR,RIAR,0.010466
RIVR,RICR,0.017761
RIVR,RIVL,0.075209
RIVR,RMDDL,0.006276
RIVR,RMDR,0.015652
RIVR,RMDVR,0.003110
RIVR,RMEV,0.003181
RIVR,RMGL,-0.001842
RIVR,SAADL,-0.001960
RIVR,SMBVL,0.009898
RIVR,SMDDL,-0.003176
RIVR,SMDVL,-0.003962
RIVR,SMDVR,0.027837
RMDDL,AVER,0.007029
RMDDL,IL1DR,-0.000178
RMDDL,OLQVL,-0.003470
RMDDL,RIAR,0.071181
RMDDL,RMDDR,0.047555
RMDDL,RMDL,0.009399
RMDDL,RMDVL,0.031898
RMDDL,RMDVR,0.022852
RMDDL,RMEV,0.008246
RMDDL,SAADL,0.016390
RMDDL,SMBDL,0.053811
RMDDL,SMDDL,0.024933
RMDDL,URADR,-0.013966
RMDDL,URYDR,0.009298
RMDDR,AVEL,-0.013474
RMDDR,IL1DL,0.001039
RMDDR,OLQDL,0.006464
RMDDR,OLQVR,-0.010686
RMDDR,RIS,0.008604
RMDDR,RMDDL,0.047633
RMDDR,RMDL,0.004635
RMDDR,RMDR,-0.006996
RMDDR,RMDVL,-0.004195
RMDDR,RMDVR,0.006300
RMDDR,RMED,0.002284
RMDDR,RMEV,0.009306
RMDDR,SAADR,0.070605
RMDDR,SMBDR,-0.009014
RMDDR,SMDDR,0.024295
RMDDR,URYDL,-0.002654
RMDL,ADER,-0.010389
RMDL,AVEL,0.019379
RMDL,OLLR,-0.023024
RMDL,RIAL,0.018035
RMDL,RIAR,-0.001035
RMDL,RIBR,0.016841
RMDL,RIML,0.042554
RMDL,RIVL,-0.005991
RMDL,RMDDL,0.005633
RMDL,RMDDR,0.007177
RMDL,RMDR,-0.007920
RMDL,RMDVL,0.043453
RMDL,RMDVR,0.006150
RMDL,RMEL,-0.003876
RMDL,RMER,-0.007548
RMDL,SMBVR,0.011176
RMDL,SMDDL,-0.013544
RMDL,SMDVL,0.041036
RMDR,AVKL,0.009638
RMDR,CEPVL,0.008717
RMDR,IL2L,-0.007321
RMDR,OLLL,0.014811
RMDR,RIAL,-0.011903
RMDR,RIAR,0.015466
RMDR,RIBL,-0.002019
RMDR,RIMR,-0.007651
RMDR,RIS,-0.008916
RMDR,RMDDL,0.002226
RMDR,RMDDR,-0.003475
RMDR,RMDL,-0.002489
RMDR,RMDVL,0.016698
RMDR,RMDVR,0.001998
RMDR,RMER,0.010233
RMDR,RMFR,0.003879
RMDR,RMGL,-0.003922
RMDR,SMDDR,-0.009804
RMDR,SMDVR,0.002294
RMDVL,AVEL,0.014077
RMDVL,AVER,0.003292
RMDVL,IL1VR,-0.000190
RMDVL,OLQDL,0.004059
RMDVL,OLQVR,0.010092
RMDVL,RMDDL,0.005660
RMDVL,RMDDR,-0.001961
RMDVL,RMDL,0.033197
RMDVL,RMDVR,0.007113
RMDVL,RMED,0.006143
RMDVL,SAAVL,0.019745
RMDVL,SMBVR,-0.000648
RMDVL,SMDVL,0.009231
RMDVR,AVAR,0.041332
RMDVR,AVEL,0.000140
RMDVR,AVER,0.017695
RMDVR,CEPDR,-0.004606
RMDVR,OLQDR,0.003619
RMDVR,OLQVL,-0.004243
RMDVR,RIVR,-0.002262
RMDVR,RMDDL,0.019811
RMDVR,RMDDR,-0.004024
RMDVR,RMDR,0.016441
RMDVR,RMDVL,0.002899
RMDVR,RMED,-0.002775
RMDVR,SAAVR,0.007808
RMDVR,SMBVL,-0.034228
RMDVR,SMDVR,0.021487
RMED,AVEL,0.006258
RMED,IL1VL,0.026249
RMED,IL1VR,0.002580
RMED,RIBL,0.002603
RMED,RIBR,-0.000103
RMED,RIPL,0.039502
RMED,RMDVL,0.013664
RMED,RMDVR,0.002086
RMED,RMEL,0.033719
RMED,RMER,0.072973
RMED,RMEV,-0.038175
RMED,SMDDL,0.001480
RMED,SMDDR,0.000006
RMEL,AVEL,-0.010969
RMEL,IL2VL,0.003221
RMEL,RIGL,-0.012193
RMEL,RMDL,-0.012173
RMEL,RMED,0.019078
RMEL,RMEV,0.036103
RMER,AVEL,-0.016233
RMER,RMDDR,0.008481
RMER,RMDR,-0.014335
RMER,RMED,0.045650
RMER,RMEV,0.058266
RMEV,AVEL,0.008762
RMEV,AVER,-0.009625
RMEV,IL1DL,-0.000845
RMEV,IL1DR,0.015744
RMEV,RMDDR,0.005856
RMEV,RMED,-0.019927
RMEV,RMEL,0.037881
RMEV,RMER,0.049727
RMEV,SMDDR,-0.003155
RMEV,SMDVL,-0.000201
RMEV,SMDVR,0.002856
RMFR,AVEL,0.000965
RMFR,AVKL,-0.004098
RMFR,AVKR,0.011645
RMFR,AWBR,-0.002983
RMFR,BAGR,-0.012896
RMFR,CEPDL,0.000829
RMFR,RIBL,0.002947
RMFR,RIGL,0.031909
RMFR,RIML,-0.020449
RMFR,RIS,0.000473
RMFR,RIVR,-0.001296
RMFR,RMDL,0.016744
RMFR,RMDR,0.066612
RMFR,RMDVL,-0.033565
RMFR,RMGL,0.001051
RMFR,SAADL,0.127457
RMGL,ADAL,0.016988
RMGL,ADLL,0.001895
RMGL,AIML,0.003504
RMGL,ASHL,-0.005541
RMGL,ASKL,-0.003854
RMGL,AVAL,-0.003694
RMGL,AVBL,0.003423
RMGL,AVBR,0.005981
RMGL,AVEL,-0.006116
RMGL,AVJR,-0.015484
RMGL,AWBL,-0.007133
RMGL,CEPDL,-0.010851
RMGL,IL2L,-0.001079
RMGL,OLQVL,-0.001043
RMGL,RIAR,0.030756
RMGL,RICR,0.041372
RMGL,RID,-0.000974
RMGL,RMDDL,0.014633
RMGL,RMDDR,-0.045972
RMGL,RMDL,-0.009006
RMGL,RMDR,-0.077785
RMGL,RMDVL,-0.001922
RMGL,RMDVR,-0.010130
RMGL,RMFR,0.000498
RMGL,SAADR,0.017013
RMGL,SAAVL,-0.023509
RMGL,SAAVR,-0.041431
RMGL,SMBDL,-0.000775
RMGL,SMBVL,-0.017065
RMGL,URXL,-0.007199
SAADL,AVAL,-0.025872
SAADL,OLLR,0.016655
SAADL,RIML,0.040360
SAADL,RIMR,-0.008635
SAADL,RIVR,-0.009012
SAADL,RMDDL,0.059351
SAADL,RMFR,0.028252
SAADL,SMBDL,-0.013300
SAADL,SMDVR,-0.004737
SAADR,AVAL,-0.011099
SAADR,AVAR,-0.014745
SAADR,AVEL,0.000108
SAADR,IL2L,-0.002215
SAADR,OLLL,0.008150
SAADR,RIML,0.029026
SAADR,RIMR,0.019440
SAADR,RMDDR,0.104920
SAADR,RMGL,0.003365
SAADR,SAAVL,0.003878
SAADR,SMBDR,0.002742
SAADR,SMDVL,-0.014402
SAAVL,AVAL,0.011585
SAAVL,AVEL,0.005278
SAAVL,OLLR,0.006083
SAAVL,RIAR,0.057564
SAAVL,RIML,-0.001412
SAAVL,RIMR,-0.006243
SAAVL,RMDVL,0.028045
SAAVL,RMFR,-0.002654
SAAVL,SAADR,0.006850
SAAVL,SMBVR,0.001433
SAAVL,SMDDR,-0.008519
SAAVR,AVAR,0.017050
SAAVR,OLLL,-0.011485
SAAVR,RIML,-0.007378
SAAVR,RIMR,0.009508
SAAVR,RMDVR,0.010077
SAAVR,SMBVL,-0.058681
SAAVR,SMDDL,0.022466
SMBDL,ADAL,0.016265
SMBDL,AVAR,0.001095
SMBDL,AVKL,0.005303
SMBDL,AVKR,0.033716
SMBDL,RIBL,-0.002301
SMBDL,RMDDL,0.085161
SMBDL,RMED,0.003087
SMBDL,SAADL,0.068087
SMBDL,SAAVL,-0.005400
SMBDL,SAAVR,0.067431
SMBDL,SMBVL,0.091759
SMBDR,ADAL,0.010540
SMBDR,AVAL,0.007733
SMBDR,AVAR,0.017111
SMBDR,AVKL,-0.014599
SMBDR,AVKR,0.153772
SMBDR,RIBR,0.001152
SMBDR,RMDDR,-0.001125
SMBDR,RMED,-0.000109
SMBDR,SAADR,0.000089
SMBDR,SAAVL,0.060740
SMBDR,SAAVR,0.023830
SMBVL,AVKL,-0.011300
SMBVL,RMDVR,-0.038915
SMBVL,RMEV,0.000610
SMBVL,SAADL,-0.066632
SMBVL,SAAVR,-0.091139
SMBVL,SMBDL,0.035564
SMBVR,AVKL,-0.002992
SMBVR,AVKR,-0.022347
SMBVR,CEPVR,0.000071
SMBVR,RMDVL,0.009520
SMBVR,RMEV,0.013853
SMBVR,SAADR,-0.002412
SMBVR,SAAVL,0.015164
SMDDL,CEPDR,-0.004471
SMDDL,RIAL,-0.052886
SMDDL,RIAR,-0.035983
SMDDL,RIBL,0.033429
SMDDL,RIBR,0.006780
SMDDL,RIML,0.011809
SMDDL,RIS,0.000583
SMDDL,RMDDL,0.023914
SMDDL,RMDL,-0.022567
SMDDL,RMDR,0.015794
SMDDL,SAAVR,0.045575
SMDDL,SMDDR,0.028039
SMDDL,SMDVR,0.067299
SMDDR,CEPDL,0.020817
SMDDR,RIAL,-0.025104
SMDDR,RIAR,-0.065146
SMDDR,RIBL,-0.016218
SMDDR,RIBR,-0.006516
SMDDR,RICL,0.093025
SMDDR,RIMR,0.010186
SMDDR,RIS,0.000446
SMDDR,RMDDR,0.024119
SMDDR,RMDL,0.005818
SMDDR,RMDR,-0.011928
SMDDR,SAAVL,-0.004115
SMDDR,SMDDL,0.025678
SMDDR,SMDVL,0.068276
SMDDR,URYDL,-0.032078
SMDVL,AVKL,0.000383
SMDVL,AVKR,-0.029213
SMDVL,RIAL,0.123322
SMDVL,RIAR,-0.005842
SMDVL,RIBL,0.018028
SMDVL,RIBR,0.001267
SMDVL,RIS,-0.000545
SMDVL,RIVL,0.017197
SMDVL,RMDDR,0.006505
SMDVL,RMDL,0.024994
SMDVL,RMDVL,-0.003819
SMDVL,RMED,0.004882
SMDVL,SAADR,-0.009229
SMDVL,SMDDL,-0.008407
SMDVL,SMDDR,0.039604
SMDVL,SMDVR,0.024527
SMDVR,CEPVL,-0.040132
SMDVR,OLLL,0.001332
SMDVR,RIAL,0.084303
SMDVR,RIAR,0.087748
SMDVR,RIBL,-0.042492
SMDVR,RIMR,-0.008523
SMDVR,RIS,-0.000277
SMDVR,RIVR,0.030357
SMDVR,RMDDL,0.003218
SMDVR,RMDVR,0.019426
SMDVR,SMDDL,0.064401
SMDVR,SMDVL,0.025801
URADL,IL1DL,0.031449
URADL,RIPL,-0.003886
URADL,RMDDR,-0.004592
URADL,RMDVL,-0.006006
URADL,RMED,-0.000342
URADL,RMEL,-0.001141
URADL,RMER,0.006379
URADR,IL1DR,0.003107
URADR,RMDDL,-0.022909
URADR,RMDVR,-0.007968
URADR,RMED,0.000901
URADR,RMER,-0.027186
URADR,URYDR,0.127171
URAVL,IL1VL,-0.020501
URAVL,IL2L,-0.026025
URAVL,RIPL,-0.038449
URAVL,RMEL,0.010624
URAVL,RMER,-0.003797
URAVL,RMEV,-0.016591
URAVR,IL1VR,0.011054
URAVR,RMDVL,0.011940
URAVR,RMEL,0.006142
URAVR,RMER,-0.002324
URAVR,RMEV,0.000797
URBL,ADAL,-0.008181
URBL,ADEL,-0.002196
URBL,AVBL,0.006042
URBL,AVDL,0.001660
URBL,AVDR,-0.002284
URBL,AVEL,0.002074
URBL,CEPDL,-0.015295
URBL,CEPVL,0.033438
URBL,OLLL,0.028204
URBL,OLQDL,-0.000024
URBL,OLQVL,0.001125
URBL,RIBL,0.000975
URBL,RICL,-0.006627
URBL,RICR,0.000577
URBL,RIVL,0.003561
URBL,RMDDL,0.004064
URBL,RMDDR,0.004258
URBL,RMDR,0.001197
URBL,RMEL,0.015343
URBL,RMGL,0.000913
URBL,SMBDR,-0.001569
URBL,SMBVL,0.007247
URBL,SMDDR,0.005978
URBL,SMDVL,-0.004266
URBL,URXL,-0.001473
URBR,ADAR,0.003117
URBR,AVBL,-0.010029
URBR,AVBR,-0.000549
URBR,AVDL,-0.014221
URBR,AVJL,-0.005706
URBR,CEPDR,0.006780
URBR,CEPVR,0.093323
URBR,OLLR,0.046669
URBR,OLQDR,0.033796
URBR,OLQVR,0.088973
URBR,RICL,0.014861
URBR,RICR,0.007672
URBR,RMDL,0.006093
URBR,RMDR,0.038881
URBR,SMBDL,0.003961
URBR,URXR,0.016581
URXL,ADAL,0.001211
URXL,AQR,0.008237
URXL,ASHL,-0.000641
URXL,AUAL,0.013848
URXL,AVAL,-0.020631
URXL,AVBL,0.002689
URXL,AVBR,-0.000133
URXL,AVEL,0.000827
URXL,AVHR,0.002410
URXL,AVJR,0.006833
URXL,CEPVL,0.006582
URXL,IL2L,0.007061
URXL,RIAL,0.029851
URXL,RICL,-0.025686
URXL,RICR,0.030795
URXL,RIGL,0.005375
URXL,RIML,-0.007853
URXL,RMGL,-0.005282
URXL,SMBDR,-0.013586
URXL,URBL,-0.248511
URXR,ADAR,0.010784
URXR,AQR,0.000901
URXR,AUAR,0.003142
URXR,AVBL,-0.007448
URXR,AVBR,-0.002695
URXR,AVER,-0.008745
URXR,AVJL,0.001222
URXR,OLQVR,-0.005631
URXR,RIAR,0.060313
URXR,RICL,0.035583
URXR,RICR,-0.025531
URXR,RIGR,-0.003150
URXR,RMDR,0.007336
URXR,RMFR,0.001107
URXR,SMBDL,-0.003466
URXR,URBR,0.006740
URYDL,AVAL,0.015211
URYDL,AVBL,0.001756
URYDL,AVBR,-0.001485
URYDL,AVDL,-0.009147
URYDL,AVDR,-0.012478
URYDL,AVEL,-0.004514
URYDL,AVER,0.012897
URYDL,CEPDL,-0.011603
URYDL,IL1DL,0.071250
URYDL,OLQDL,0.061873
URYDL,RIBL,0.007339
URYDL,RID,0.002891
URYDL,RIGL,0.000284
URYDL,RMDDR,-0.009537
URYDL,RMDVL,0.008981
URYDL,RMED,-0.001554
URYDL,RMEL,0.017018
URYDL,RMEV,-0.007905
URYDL,SMDDL,-0.005984
URYDL,SMDDR,-0.024638
URYDR,AVAR,-0.003720
URYDR,AVBL,0.035382
URYDR,AVBR,-0.001721
URYDR,AVDR,0.001944
URYDR,AVEL,0.000937
URYDR,AVER,0.016778
URYDR,IL1DR,0.029032
URYDR,OLQDR,-0.000510
URYDR,RIBR,0.011530
URYDR,RIGR,0.007132
URYDR,RMDDL,-0.002434
URYDR,RMDVR,0.018950
URYDR,RMED,-0.001985
URYDR,SMDDL,-0.002708
URYVL,AVAL,0.028961
URYVL,AVAR,0.000990
URYVL,AVBL,0.026851
URYVL,AVBR,-0.002653
URYVL,AVER,0.024836
URYVL,IL1VL,0.013464
URYVL,OLLL,0.026914
URYVL,RIAL,-0.043935
URYVL,RIBL,0.018988
URYVL,RID,-0.001472
URYVL,RIGL,-0.005619
URYVL,RIH,0.029307
URYVL,RIS,0.001196
URYVL,RMDDL,0.000705
URYVL,RMDR,0.040798
URYVL,RMDVR,0.007997
URYVL,SMDVR,0.017810
URYVR,AVAL,-0.008346
URYVR,AVAR,0.003105
URYVR,AVBL,-0.018410
URYVR,AVBR,0.000862
URYVR,AVDL,0.000460
URYVR,AVEL,0.000786
URYVR,IL1VR,0.024946
URYVR,OLLR,0.023057
URYVR,RIAR,0.005741
URYVR,RIBR,-0.004590
URYVR,RIGR,0.001823
URYVR,RMDDR,0.006417
URYVR,RMDL,0.007846
URYVR,RMDVL,-0.003249
URYVR,RMEV,-0.006693
URYVR,SMDVL,-0.001788
