half,level,pin,metric,is_primary_metric,seed,wiring_gap,interaction
reading,wide,readout_width,auc_success,True,177,-0.163667,0.173000
reading,wide,readout_width,auc_success,True,178,0.448000,0.760667
reading,wide,readout_width,auc_success,True,179,-0.407333,0.215000
reading,wide,readout_width,auc_success,True,180,0.421333,0.494667
reading,wide,readout_width,auc_success,True,181,-0.378000,-0.438000
reading,wide,readout_width,auc_success,True,182,-0.146333,0.408667
reading,wide,readout_width,auc_success,True,183,0.093000,0.569000
reading,wide,readout_width,auc_success,True,184,-0.165333,-0.379000
reading,wide,readout_width,auc_success,True,185,-0.005000,0.434667
reading,wide,readout_width,auc_success,True,186,0.023667,0.356000
reading,wide,readout_width,auc_success,True,187,-0.032000,0.158667
reading,wide,readout_width,auc_success,True,188,-0.281333,-0.192000
reading,wide,readout_width,auc_success,True,189,0.415000,0.366000
reading,wide,readout_width,auc_success,True,190,0.000000,-0.124333
reading,wide,readout_width,auc_success,True,191,0.539333,0.837333
reading,wide,readout_width,auc_success,True,192,0.562333,0.651333
reading,wide,readout_width,episodes_to_30pct_success,False,177,-11.000000,113.000000
reading,wide,readout_width,episodes_to_30pct_success,False,178,-17.000000,2634.000000
reading,wide,readout_width,episodes_to_30pct_success,False,179,-2216.000000,483.000000
reading,wide,readout_width,episodes_to_30pct_success,False,180,1360.000000,1271.000000
reading,wide,readout_width,episodes_to_30pct_success,False,181,-55.000000,-1761.000000
reading,wide,readout_width,episodes_to_30pct_success,False,182,-672.000000,1671.000000
reading,wide,readout_width,episodes_to_30pct_success,False,183,-75.000000,626.000000
reading,wide,readout_width,episodes_to_30pct_success,False,184,-60.000000,8.000000
reading,wide,readout_width,episodes_to_30pct_success,False,185,-625.000000,2156.000000
reading,wide,readout_width,episodes_to_30pct_success,False,186,-172.000000,-48.000000
reading,wide,readout_width,episodes_to_30pct_success,False,187,-6.000000,1887.000000
reading,wide,readout_width,episodes_to_30pct_success,False,188,-2625.000000,-1930.000000
reading,wide,readout_width,episodes_to_30pct_success,False,189,-132.000000,-195.000000
reading,wide,readout_width,episodes_to_30pct_success,False,190,-0.000000,-1453.000000
reading,wide,readout_width,episodes_to_30pct_success,False,191,-74.000000,92.000000
reading,wide,readout_width,episodes_to_30pct_success,False,192,196.000000,559.000000
reading,d2,forward_pass_depth,auc_success,True,177,-0.431667,-0.095000
reading,d2,forward_pass_depth,auc_success,True,178,-0.007333,0.305333
reading,d2,forward_pass_depth,auc_success,True,179,-0.621000,0.001333
reading,d2,forward_pass_depth,auc_success,True,180,-0.017333,0.056000
reading,d2,forward_pass_depth,auc_success,True,181,-0.003667,-0.063667
reading,d2,forward_pass_depth,auc_success,True,182,-0.102667,0.452333
reading,d2,forward_pass_depth,auc_success,True,183,0.003000,0.479000
reading,d2,forward_pass_depth,auc_success,True,184,-0.093000,-0.306667
reading,d2,forward_pass_depth,auc_success,True,185,-0.124667,0.315000
reading,d2,forward_pass_depth,auc_success,True,186,-0.641000,-0.308667
reading,d2,forward_pass_depth,auc_success,True,187,-0.138333,0.052333
reading,d2,forward_pass_depth,auc_success,True,188,0.000000,0.089333
reading,d2,forward_pass_depth,auc_success,True,189,-0.020333,-0.069333
reading,d2,forward_pass_depth,auc_success,True,190,-0.144333,-0.268667
reading,d2,forward_pass_depth,auc_success,True,191,-0.119000,0.179000
reading,d2,forward_pass_depth,auc_success,True,192,-0.255667,-0.166667
reading,d2,forward_pass_depth,episodes_to_30pct_success,False,177,-2201.000000,-2077.000000
reading,d2,forward_pass_depth,episodes_to_30pct_success,False,178,-0.000000,2651.000000
reading,d2,forward_pass_depth,episodes_to_30pct_success,False,179,-2634.000000,65.000000
reading,d2,forward_pass_depth,episodes_to_30pct_success,False,180,-0.000000,-89.000000
reading,d2,forward_pass_depth,episodes_to_30pct_success,False,181,-0.000000,-1706.000000
reading,d2,forward_pass_depth,episodes_to_30pct_success,False,182,-0.000000,2343.000000
reading,d2,forward_pass_depth,episodes_to_30pct_success,False,183,-0.000000,701.000000
reading,d2,forward_pass_depth,episodes_to_30pct_success,False,184,-0.000000,68.000000
reading,d2,forward_pass_depth,episodes_to_30pct_success,False,185,-0.000000,2781.000000
reading,d2,forward_pass_depth,episodes_to_30pct_success,False,186,-2588.000000,-2464.000000
reading,d2,forward_pass_depth,episodes_to_30pct_success,False,187,-0.000000,1893.000000
reading,d2,forward_pass_depth,episodes_to_30pct_success,False,188,-0.000000,695.000000
reading,d2,forward_pass_depth,episodes_to_30pct_success,False,189,-0.000000,-63.000000
reading,d2,forward_pass_depth,episodes_to_30pct_success,False,190,-0.000000,-1453.000000
reading,d2,forward_pass_depth,episodes_to_30pct_success,False,191,-0.000000,166.000000
reading,d2,forward_pass_depth,episodes_to_30pct_success,False,192,-2200.000000,-1837.000000
reading,d3,forward_pass_depth,auc_success,True,177,-0.642333,-0.305667
reading,d3,forward_pass_depth,auc_success,True,178,-0.345667,-0.033000
reading,d3,forward_pass_depth,auc_success,True,179,-0.447000,0.175333
reading,d3,forward_pass_depth,auc_success,True,180,-0.325667,-0.252333
reading,d3,forward_pass_depth,auc_success,True,181,-0.570667,-0.630667
reading,d3,forward_pass_depth,auc_success,True,182,-0.765333,-0.210333
reading,d3,forward_pass_depth,auc_success,True,183,-0.387333,0.088667
reading,d3,forward_pass_depth,auc_success,True,184,-0.504667,-0.718333
reading,d3,forward_pass_depth,auc_success,True,185,-0.611333,-0.171667
reading,d3,forward_pass_depth,auc_success,True,186,-0.650000,-0.317667
reading,d3,forward_pass_depth,auc_success,True,187,0.104000,0.294667
reading,d3,forward_pass_depth,auc_success,True,188,-0.174333,-0.085000
reading,d3,forward_pass_depth,auc_success,True,189,-0.035667,-0.084667
reading,d3,forward_pass_depth,auc_success,True,190,-0.293333,-0.417667
reading,d3,forward_pass_depth,auc_success,True,191,-0.275000,0.023000
reading,d3,forward_pass_depth,auc_success,True,192,-0.221667,-0.132667
reading,d3,forward_pass_depth,episodes_to_30pct_success,False,177,-2517.000000,-2393.000000
reading,d3,forward_pass_depth,episodes_to_30pct_success,False,178,-2469.000000,182.000000
reading,d3,forward_pass_depth,episodes_to_30pct_success,False,179,-2738.000000,-39.000000
reading,d3,forward_pass_depth,episodes_to_30pct_success,False,180,-2337.000000,-2426.000000
reading,d3,forward_pass_depth,episodes_to_30pct_success,False,181,-2740.000000,-4446.000000
reading,d3,forward_pass_depth,episodes_to_30pct_success,False,182,-2756.000000,-413.000000
reading,d3,forward_pass_depth,episodes_to_30pct_success,False,183,-124.000000,577.000000
reading,d3,forward_pass_depth,episodes_to_30pct_success,False,184,-2618.000000,-2550.000000
reading,d3,forward_pass_depth,episodes_to_30pct_success,False,185,-2747.000000,34.000000
reading,d3,forward_pass_depth,episodes_to_30pct_success,False,186,-2757.000000,-2633.000000
reading,d3,forward_pass_depth,episodes_to_30pct_success,False,187,-0.000000,1893.000000
reading,d3,forward_pass_depth,episodes_to_30pct_success,False,188,-0.000000,695.000000
reading,d3,forward_pass_depth,episodes_to_30pct_success,False,189,-0.000000,-63.000000
reading,d3,forward_pass_depth,episodes_to_30pct_success,False,190,-464.000000,-1917.000000
reading,d3,forward_pass_depth,episodes_to_30pct_success,False,191,-2238.000000,-2072.000000
reading,d3,forward_pass_depth,episodes_to_30pct_success,False,192,-1780.000000,-1417.000000
reading,d6,forward_pass_depth,auc_success,True,177,-0.234333,0.102333
reading,d6,forward_pass_depth,auc_success,True,178,-0.309667,0.003000
reading,d6,forward_pass_depth,auc_success,True,179,-0.037000,0.585333
reading,d6,forward_pass_depth,auc_success,True,180,-0.018667,0.054667
reading,d6,forward_pass_depth,auc_success,True,181,-0.156667,-0.216667
reading,d6,forward_pass_depth,auc_success,True,182,0.095000,0.650000
reading,d6,forward_pass_depth,auc_success,True,183,0.037333,0.513333
reading,d6,forward_pass_depth,auc_success,True,184,0.701333,0.487667
reading,d6,forward_pass_depth,auc_success,True,185,-0.554667,-0.115000
reading,d6,forward_pass_depth,auc_success,True,186,-0.049333,0.283000
reading,d6,forward_pass_depth,auc_success,True,187,-0.293333,-0.102667
reading,d6,forward_pass_depth,auc_success,True,188,-0.518333,-0.429000
reading,d6,forward_pass_depth,auc_success,True,189,-0.287000,-0.336000
reading,d6,forward_pass_depth,auc_success,True,190,0.097333,-0.027000
reading,d6,forward_pass_depth,auc_success,True,191,0.432333,0.730333
reading,d6,forward_pass_depth,auc_success,True,192,0.589667,0.678667
reading,d6,forward_pass_depth,episodes_to_30pct_success,False,177,-264.000000,-140.000000
reading,d6,forward_pass_depth,episodes_to_30pct_success,False,178,-2434.000000,217.000000
reading,d6,forward_pass_depth,episodes_to_30pct_success,False,179,10.000000,2709.000000
reading,d6,forward_pass_depth,episodes_to_30pct_success,False,180,-754.000000,-843.000000
reading,d6,forward_pass_depth,episodes_to_30pct_success,False,181,-1864.000000,-3570.000000
reading,d6,forward_pass_depth,episodes_to_30pct_success,False,182,26.000000,2369.000000
reading,d6,forward_pass_depth,episodes_to_30pct_success,False,183,-11.000000,690.000000
reading,d6,forward_pass_depth,episodes_to_30pct_success,False,184,2739.000000,2807.000000
reading,d6,forward_pass_depth,episodes_to_30pct_success,False,185,-2668.000000,113.000000
reading,d6,forward_pass_depth,episodes_to_30pct_success,False,186,-70.000000,54.000000
reading,d6,forward_pass_depth,episodes_to_30pct_success,False,187,-2240.000000,-347.000000
reading,d6,forward_pass_depth,episodes_to_30pct_success,False,188,-2682.000000,-1987.000000
reading,d6,forward_pass_depth,episodes_to_30pct_success,False,189,-210.000000,-273.000000
reading,d6,forward_pass_depth,episodes_to_30pct_success,False,190,224.000000,-1229.000000
reading,d6,forward_pass_depth,episodes_to_30pct_success,False,191,945.000000,1111.000000
reading,d6,forward_pass_depth,episodes_to_30pct_success,False,192,1304.000000,1667.000000
reading,lsm15,initial_log_std,auc_success,True,177,-0.467333,-0.130667
reading,lsm15,initial_log_std,auc_success,True,178,-0.210667,0.102000
reading,lsm15,initial_log_std,auc_success,True,179,-0.487667,0.134667
reading,lsm15,initial_log_std,auc_success,True,180,-0.073667,-0.000333
reading,lsm15,initial_log_std,auc_success,True,181,0.061667,0.001667
reading,lsm15,initial_log_std,auc_success,True,182,-0.448000,0.107000
reading,lsm15,initial_log_std,auc_success,True,183,-0.245667,0.230333
reading,lsm15,initial_log_std,auc_success,True,184,0.145333,-0.068333
reading,lsm15,initial_log_std,auc_success,True,185,-0.356000,0.083667
reading,lsm15,initial_log_std,auc_success,True,186,-0.650333,-0.318000
reading,lsm15,initial_log_std,auc_success,True,187,-0.102333,0.088333
reading,lsm15,initial_log_std,auc_success,True,188,0.093333,0.182667
reading,lsm15,initial_log_std,auc_success,True,189,-0.173333,-0.222333
reading,lsm15,initial_log_std,auc_success,True,190,0.040000,-0.084333
reading,lsm15,initial_log_std,auc_success,True,191,-0.269000,0.029000
reading,lsm15,initial_log_std,auc_success,True,192,-0.305333,-0.216333
reading,lsm15,initial_log_std,episodes_to_30pct_success,False,177,-329.000000,-205.000000
reading,lsm15,initial_log_std,episodes_to_30pct_success,False,178,-2270.000000,381.000000
reading,lsm15,initial_log_std,episodes_to_30pct_success,False,179,-2627.000000,72.000000
reading,lsm15,initial_log_std,episodes_to_30pct_success,False,180,-352.000000,-441.000000
reading,lsm15,initial_log_std,episodes_to_30pct_success,False,181,1345.000000,-361.000000
reading,lsm15,initial_log_std,episodes_to_30pct_success,False,182,-2206.000000,137.000000
reading,lsm15,initial_log_std,episodes_to_30pct_success,False,183,-498.000000,203.000000
reading,lsm15,initial_log_std,episodes_to_30pct_success,False,184,-120.000000,-52.000000
reading,lsm15,initial_log_std,episodes_to_30pct_success,False,185,-2539.000000,242.000000
reading,lsm15,initial_log_std,episodes_to_30pct_success,False,186,-1636.000000,-1512.000000
reading,lsm15,initial_log_std,episodes_to_30pct_success,False,187,-1421.000000,472.000000
reading,lsm15,initial_log_std,episodes_to_30pct_success,False,188,351.000000,1046.000000
reading,lsm15,initial_log_std,episodes_to_30pct_success,False,189,-998.000000,-1061.000000
reading,lsm15,initial_log_std,episodes_to_30pct_success,False,190,732.000000,-721.000000
reading,lsm15,initial_log_std,episodes_to_30pct_success,False,191,-523.000000,-357.000000
reading,lsm15,initial_log_std,episodes_to_30pct_success,False,192,-2643.000000,-2280.000000
reading,lsm05,initial_log_std,auc_success,True,177,-0.195000,0.141667
reading,lsm05,initial_log_std,auc_success,True,178,-0.359333,-0.046667
reading,lsm05,initial_log_std,auc_success,True,179,-0.682000,-0.059667
reading,lsm05,initial_log_std,auc_success,True,180,-0.047667,0.025667
reading,lsm05,initial_log_std,auc_success,True,181,0.198000,0.138000
reading,lsm05,initial_log_std,auc_success,True,182,-0.550333,0.004667
reading,lsm05,initial_log_std,auc_success,True,183,-0.457000,0.019000
reading,lsm05,initial_log_std,auc_success,True,184,0.160333,-0.053333
reading,lsm05,initial_log_std,auc_success,True,185,-0.522333,-0.082667
reading,lsm05,initial_log_std,auc_success,True,186,-0.390000,-0.057667
reading,lsm05,initial_log_std,auc_success,True,187,-0.171667,0.019000
reading,lsm05,initial_log_std,auc_success,True,188,-0.157667,-0.068333
reading,lsm05,initial_log_std,auc_success,True,189,0.032000,-0.017000
reading,lsm05,initial_log_std,auc_success,True,190,0.316667,0.192333
reading,lsm05,initial_log_std,auc_success,True,191,-0.210000,0.088000
reading,lsm05,initial_log_std,auc_success,True,192,-0.137333,-0.048333
reading,lsm05,initial_log_std,episodes_to_30pct_success,False,177,-98.000000,26.000000
reading,lsm05,initial_log_std,episodes_to_30pct_success,False,178,-2748.000000,-97.000000
reading,lsm05,initial_log_std,episodes_to_30pct_success,False,179,-2666.000000,33.000000
reading,lsm05,initial_log_std,episodes_to_30pct_success,False,180,-1260.000000,-1349.000000
reading,lsm05,initial_log_std,episodes_to_30pct_success,False,181,1838.000000,132.000000
reading,lsm05,initial_log_std,episodes_to_30pct_success,False,182,-2490.000000,-147.000000
reading,lsm05,initial_log_std,episodes_to_30pct_success,False,183,-812.000000,-111.000000
reading,lsm05,initial_log_std,episodes_to_30pct_success,False,184,-51.000000,17.000000
reading,lsm05,initial_log_std,episodes_to_30pct_success,False,185,-2756.000000,25.000000
reading,lsm05,initial_log_std,episodes_to_30pct_success,False,186,-147.000000,-23.000000
reading,lsm05,initial_log_std,episodes_to_30pct_success,False,187,-123.000000,1770.000000
reading,lsm05,initial_log_std,episodes_to_30pct_success,False,188,-382.000000,313.000000
reading,lsm05,initial_log_std,episodes_to_30pct_success,False,189,83.000000,20.000000
reading,lsm05,initial_log_std,episodes_to_30pct_success,False,190,2185.000000,732.000000
reading,lsm05,initial_log_std,episodes_to_30pct_success,False,191,-27.000000,139.000000
reading,lsm05,initial_log_std,episodes_to_30pct_success,False,192,-634.000000,-271.000000
reading,ls00,initial_log_std,auc_success,True,177,-0.077000,0.259667
reading,ls00,initial_log_std,auc_success,True,178,-0.350000,-0.037333
reading,ls00,initial_log_std,auc_success,True,179,-0.752333,-0.130000
reading,ls00,initial_log_std,auc_success,True,180,0.004000,0.077333
reading,ls00,initial_log_std,auc_success,True,181,0.162333,0.102333
reading,ls00,initial_log_std,auc_success,True,182,-0.527667,0.027333
reading,ls00,initial_log_std,auc_success,True,183,-0.530667,-0.054667
reading,ls00,initial_log_std,auc_success,True,184,0.089000,-0.124667
reading,ls00,initial_log_std,auc_success,True,185,-0.510000,-0.070333
reading,ls00,initial_log_std,auc_success,True,186,-0.482667,-0.150333
reading,ls00,initial_log_std,auc_success,True,187,-0.039000,0.151667
reading,ls00,initial_log_std,auc_success,True,188,-0.174333,-0.085000
reading,ls00,initial_log_std,auc_success,True,189,-0.027000,-0.076000
reading,ls00,initial_log_std,auc_success,True,190,-0.292000,-0.416333
reading,ls00,initial_log_std,auc_success,True,191,-0.388333,-0.090333
reading,ls00,initial_log_std,auc_success,True,192,-0.126667,-0.037667
reading,ls00,initial_log_std,episodes_to_30pct_success,False,177,-1.000000,123.000000
reading,ls00,initial_log_std,episodes_to_30pct_success,False,178,-2725.000000,-74.000000
reading,ls00,initial_log_std,episodes_to_30pct_success,False,179,-2807.000000,-108.000000
reading,ls00,initial_log_std,episodes_to_30pct_success,False,180,-0.000000,-89.000000
reading,ls00,initial_log_std,episodes_to_30pct_success,False,181,1423.000000,-283.000000
reading,ls00,initial_log_std,episodes_to_30pct_success,False,182,-2494.000000,-151.000000
reading,ls00,initial_log_std,episodes_to_30pct_success,False,183,-629.000000,72.000000
reading,ls00,initial_log_std,episodes_to_30pct_success,False,184,-83.000000,-15.000000
reading,ls00,initial_log_std,episodes_to_30pct_success,False,185,-2748.000000,33.000000
reading,ls00,initial_log_std,episodes_to_30pct_success,False,186,-255.000000,-131.000000
reading,ls00,initial_log_std,episodes_to_30pct_success,False,187,-529.000000,1364.000000
reading,ls00,initial_log_std,episodes_to_30pct_success,False,188,-372.000000,323.000000
reading,ls00,initial_log_std,episodes_to_30pct_success,False,189,69.000000,6.000000
reading,ls00,initial_log_std,episodes_to_30pct_success,False,190,-406.000000,-1859.000000
reading,ls00,initial_log_std,episodes_to_30pct_success,False,191,-393.000000,-227.000000
reading,ls00,initial_log_std,episodes_to_30pct_success,False,192,-2237.000000,-1874.000000
reading,r1e4,plasticity_rate,auc_success,True,177,-0.220000,0.116667
reading,r1e4,plasticity_rate,auc_success,True,178,-0.107667,0.205000
reading,r1e4,plasticity_rate,auc_success,True,179,-0.374667,0.247667
reading,r1e4,plasticity_rate,auc_success,True,180,-0.031000,0.042333
reading,r1e4,plasticity_rate,auc_success,True,181,-0.015667,-0.075667
reading,r1e4,plasticity_rate,auc_success,True,182,-0.079000,0.476000
reading,r1e4,plasticity_rate,auc_success,True,183,-0.280000,0.196000
reading,r1e4,plasticity_rate,auc_success,True,184,-0.050667,-0.264333
reading,r1e4,plasticity_rate,auc_success,True,185,-0.218000,0.221667
reading,r1e4,plasticity_rate,auc_success,True,186,-0.368667,-0.036333
reading,r1e4,plasticity_rate,auc_success,True,187,-0.005667,0.185000
reading,r1e4,plasticity_rate,auc_success,True,188,-0.072000,0.017333
reading,r1e4,plasticity_rate,auc_success,True,189,-0.069000,-0.118000
reading,r1e4,plasticity_rate,auc_success,True,190,0.016333,-0.108000
reading,r1e4,plasticity_rate,auc_success,True,191,-0.005667,0.292333
reading,r1e4,plasticity_rate,auc_success,True,192,-0.063000,0.026000
reading,r1e4,plasticity_rate,episodes_to_30pct_success,False,177,-561.000000,-437.000000
reading,r1e4,plasticity_rate,episodes_to_30pct_success,False,178,-81.000000,2570.000000
reading,r1e4,plasticity_rate,episodes_to_30pct_success,False,179,-1673.000000,1026.000000
reading,r1e4,plasticity_rate,episodes_to_30pct_success,False,180,-0.000000,-89.000000
reading,r1e4,plasticity_rate,episodes_to_30pct_success,False,181,-0.000000,-1706.000000
reading,r1e4,plasticity_rate,episodes_to_30pct_success,False,182,-0.000000,2343.000000
reading,r1e4,plasticity_rate,episodes_to_30pct_success,False,183,-1992.000000,-1291.000000
reading,r1e4,plasticity_rate,episodes_to_30pct_success,False,184,-121.000000,-53.000000
reading,r1e4,plasticity_rate,episodes_to_30pct_success,False,185,-1302.000000,1479.000000
reading,r1e4,plasticity_rate,episodes_to_30pct_success,False,186,-1281.000000,-1157.000000
reading,r1e4,plasticity_rate,episodes_to_30pct_success,False,187,-0.000000,1893.000000
reading,r1e4,plasticity_rate,episodes_to_30pct_success,False,188,-0.000000,695.000000
reading,r1e4,plasticity_rate,episodes_to_30pct_success,False,189,-0.000000,-63.000000
reading,r1e4,plasticity_rate,episodes_to_30pct_success,False,190,-0.000000,-1453.000000
reading,r1e4,plasticity_rate,episodes_to_30pct_success,False,191,-0.000000,166.000000
reading,r1e4,plasticity_rate,episodes_to_30pct_success,False,192,-0.000000,363.000000
reading,r1e2,plasticity_rate,auc_success,True,177,-0.417333,-0.080667
reading,r1e2,plasticity_rate,auc_success,True,178,-0.149333,0.163333
reading,r1e2,plasticity_rate,auc_success,True,179,-0.273333,0.349000
reading,r1e2,plasticity_rate,auc_success,True,180,0.037667,0.111000
reading,r1e2,plasticity_rate,auc_success,True,181,0.074667,0.014667
reading,r1e2,plasticity_rate,auc_success,True,182,-0.225667,0.329333
reading,r1e2,plasticity_rate,auc_success,True,183,-0.542333,-0.066333
reading,r1e2,plasticity_rate,auc_success,True,184,0.217333,0.003667
reading,r1e2,plasticity_rate,auc_success,True,185,-0.333667,0.106000
reading,r1e2,plasticity_rate,auc_success,True,186,-0.461333,-0.129000
reading,r1e2,plasticity_rate,auc_success,True,187,-0.108333,0.082333
reading,r1e2,plasticity_rate,auc_success,True,188,0.010333,0.099667
reading,r1e2,plasticity_rate,auc_success,True,189,0.163333,0.114333
reading,r1e2,plasticity_rate,auc_success,True,190,-0.526667,-0.651000
reading,r1e2,plasticity_rate,auc_success,True,191,-0.068000,0.230000
reading,r1e2,plasticity_rate,auc_success,True,192,-0.033333,0.055667
reading,r1e2,plasticity_rate,episodes_to_30pct_success,False,177,-103.000000,21.000000
reading,r1e2,plasticity_rate,episodes_to_30pct_success,False,178,-2981.000000,-330.000000
reading,r1e2,plasticity_rate,episodes_to_30pct_success,False,179,-2988.000000,-289.000000
reading,r1e2,plasticity_rate,episodes_to_30pct_success,False,180,2233.000000,2144.000000
reading,r1e2,plasticity_rate,episodes_to_30pct_success,False,181,-0.000000,-1706.000000
reading,r1e2,plasticity_rate,episodes_to_30pct_success,False,182,-2900.000000,-557.000000
reading,r1e2,plasticity_rate,episodes_to_30pct_success,False,183,-1517.000000,-816.000000
reading,r1e2,plasticity_rate,episodes_to_30pct_success,False,184,19.000000,87.000000
reading,r1e2,plasticity_rate,episodes_to_30pct_success,False,185,-2921.000000,-140.000000
reading,r1e2,plasticity_rate,episodes_to_30pct_success,False,186,-192.000000,-68.000000
reading,r1e2,plasticity_rate,episodes_to_30pct_success,False,187,-2653.000000,-760.000000
reading,r1e2,plasticity_rate,episodes_to_30pct_success,False,188,1476.000000,2171.000000
reading,r1e2,plasticity_rate,episodes_to_30pct_success,False,189,-107.000000,-170.000000
reading,r1e2,plasticity_rate,episodes_to_30pct_success,False,190,-2907.000000,-4360.000000
reading,r1e2,plasticity_rate,episodes_to_30pct_success,False,191,-1175.000000,-1009.000000
reading,r1e2,plasticity_rate,episodes_to_30pct_success,False,192,-88.000000,275.000000
reading,td05,trace_decay,auc_success,True,177,-0.253333,0.083333
reading,td05,trace_decay,auc_success,True,178,-0.227667,0.085000
reading,td05,trace_decay,auc_success,True,179,-0.600333,0.022000
reading,td05,trace_decay,auc_success,True,180,-0.145667,-0.072333
reading,td05,trace_decay,auc_success,True,181,0.238000,0.178000
reading,td05,trace_decay,auc_success,True,182,-0.551667,0.003333
reading,td05,trace_decay,auc_success,True,183,-0.392333,0.083667
reading,td05,trace_decay,auc_success,True,184,0.057000,-0.156667
reading,td05,trace_decay,auc_success,True,185,-0.478000,-0.038333
reading,td05,trace_decay,auc_success,True,186,-0.266667,0.065667
reading,td05,trace_decay,auc_success,True,187,-0.120000,0.070667
reading,td05,trace_decay,auc_success,True,188,-0.035333,0.054000
reading,td05,trace_decay,auc_success,True,189,0.110000,0.061000
reading,td05,trace_decay,auc_success,True,190,-0.450000,-0.574333
reading,td05,trace_decay,auc_success,True,191,-0.224333,0.073667
reading,td05,trace_decay,auc_success,True,192,-0.007000,0.082000
reading,td05,trace_decay,episodes_to_30pct_success,False,177,-264.000000,-140.000000
reading,td05,trace_decay,episodes_to_30pct_success,False,178,-441.000000,2210.000000
reading,td05,trace_decay,episodes_to_30pct_success,False,179,-2751.000000,-52.000000
reading,td05,trace_decay,episodes_to_30pct_success,False,180,-986.000000,-1075.000000
reading,td05,trace_decay,episodes_to_30pct_success,False,181,2054.000000,348.000000
reading,td05,trace_decay,episodes_to_30pct_success,False,182,-2361.000000,-18.000000
reading,td05,trace_decay,episodes_to_30pct_success,False,183,-454.000000,247.000000
reading,td05,trace_decay,episodes_to_30pct_success,False,184,-60.000000,8.000000
reading,td05,trace_decay,episodes_to_30pct_success,False,185,-2665.000000,116.000000
reading,td05,trace_decay,episodes_to_30pct_success,False,186,-93.000000,31.000000
reading,td05,trace_decay,episodes_to_30pct_success,False,187,-880.000000,1013.000000
reading,td05,trace_decay,episodes_to_30pct_success,False,188,-143.000000,552.000000
reading,td05,trace_decay,episodes_to_30pct_success,False,189,184.000000,121.000000
reading,td05,trace_decay,episodes_to_30pct_success,False,190,-707.000000,-2160.000000
reading,td05,trace_decay,episodes_to_30pct_success,False,191,-247.000000,-81.000000
reading,td05,trace_decay,episodes_to_30pct_success,False,192,-461.000000,-98.000000
reading,td099,trace_decay,auc_success,True,177,-0.534667,-0.198000
reading,td099,trace_decay,auc_success,True,178,-0.112333,0.200333
reading,td099,trace_decay,auc_success,True,179,-0.143333,0.479000
reading,td099,trace_decay,auc_success,True,180,0.015000,0.088333
reading,td099,trace_decay,auc_success,True,181,-0.035667,-0.095667
reading,td099,trace_decay,auc_success,True,182,-0.124333,0.430667
reading,td099,trace_decay,auc_success,True,183,0.135000,0.611000
reading,td099,trace_decay,auc_success,True,184,0.182667,-0.031000
reading,td099,trace_decay,auc_success,True,185,0.015667,0.455333
reading,td099,trace_decay,auc_success,True,186,-0.422000,-0.089667
reading,td099,trace_decay,auc_success,True,187,-0.000333,0.190333
reading,td099,trace_decay,auc_success,True,188,-0.013000,0.076333
reading,td099,trace_decay,auc_success,True,189,-0.001333,-0.050333
reading,td099,trace_decay,auc_success,True,190,-0.004667,-0.129000
reading,td099,trace_decay,auc_success,True,191,-0.102667,0.195333
reading,td099,trace_decay,auc_success,True,192,-0.109667,-0.020667
reading,td099,trace_decay,episodes_to_30pct_success,False,177,-1198.000000,-1074.000000
reading,td099,trace_decay,episodes_to_30pct_success,False,178,-1342.000000,1309.000000
reading,td099,trace_decay,episodes_to_30pct_success,False,179,-0.000000,2699.000000
reading,td099,trace_decay,episodes_to_30pct_success,False,180,-0.000000,-89.000000
reading,td099,trace_decay,episodes_to_30pct_success,False,181,-0.000000,-1706.000000
reading,td099,trace_decay,episodes_to_30pct_success,False,182,-1354.000000,989.000000
reading,td099,trace_decay,episodes_to_30pct_success,False,183,37.000000,738.000000
reading,td099,trace_decay,episodes_to_30pct_success,False,184,1796.000000,1864.000000
reading,td099,trace_decay,episodes_to_30pct_success,False,185,-0.000000,2781.000000
reading,td099,trace_decay,episodes_to_30pct_success,False,186,-1525.000000,-1401.000000
reading,td099,trace_decay,episodes_to_30pct_success,False,187,-0.000000,1893.000000
reading,td099,trace_decay,episodes_to_30pct_success,False,188,-0.000000,695.000000
reading,td099,trace_decay,episodes_to_30pct_success,False,189,-0.000000,-63.000000
reading,td099,trace_decay,episodes_to_30pct_success,False,190,-0.000000,-1453.000000
reading,td099,trace_decay,episodes_to_30pct_success,False,191,-550.000000,-384.000000
reading,td099,trace_decay,episodes_to_30pct_success,False,192,-0.000000,363.000000
