condition,wiring,seed,auc_foods,auc_success,episodes_to_30pct_success,episodes_to_90pct_foods_plateau,primary_censored
atlas,wt,1,15.038667,0.455667,531.000000,541.000000,0
atlas,wt,2,19.056000,0.755333,96.000000,215.000000,0
atlas,wt,3,11.471667,0.069000,3000.000000,2465.000000,1
atlas,wt,4,16.694000,0.356667,519.000000,470.000000,0
atlas,wt,5,19.160000,0.813667,43.000000,255.000000,0
atlas,wt,6,19.114667,0.793000,202.000000,237.000000,0
atlas,wt,7,17.554667,0.537000,442.000000,447.000000,0
atlas,wt,8,16.601333,0.463000,908.000000,980.000000,0
atlas,wt,9,15.275333,0.417667,514.000000,436.000000,0
atlas,wt,10,17.046000,0.541333,556.000000,566.000000,0
atlas,wt,11,14.324667,0.287667,1110.000000,955.000000,0
atlas,wt,12,14.693000,0.178333,2116.000000,593.000000,0
atlas,wt,13,15.871667,0.264000,1209.000000,561.000000,0
atlas,wt,14,18.042333,0.691667,96.000000,103.000000,0
atlas,wt,15,5.210333,0.003000,3000.000000,595.000000,1
atlas,wt,16,14.327333,0.139333,3000.000000,514.000000,1
atlas,wt,17,17.540333,0.705667,123.000000,223.000000,0
atlas,wt,18,16.127667,0.484333,326.000000,331.000000,0
atlas,wt,19,15.230667,0.359333,677.000000,674.000000,0
atlas,wt,20,18.939000,0.753333,325.000000,351.000000,0
atlas,wt,21,11.495667,0.166667,1925.000000,1657.000000,0
atlas,wt,22,18.793333,0.720667,266.000000,337.000000,0
atlas,wt,23,13.883333,0.230000,1579.000000,1093.000000,0
atlas,wt,24,17.819000,0.530000,426.000000,413.000000,0
atlas,wt,25,18.616667,0.795333,284.000000,341.000000,0
atlas,wt,26,19.330667,0.859333,172.000000,274.000000,0
atlas,wt,27,18.653333,0.762333,6.000000,102.000000,0
atlas,wt,28,15.315000,0.429000,762.000000,780.000000,0
atlas,wt,29,19.595333,0.914000,126.000000,214.000000,0
atlas,wt,30,19.513667,0.892667,90.000000,216.000000,0
atlas,wt,31,17.644333,0.530000,477.000000,421.000000,0
atlas,wt,32,19.096000,0.798000,312.000000,380.000000,0
atlas,wt,33,15.343667,0.223667,1629.000000,854.000000,0
atlas,wt,34,18.164667,0.723667,135.000000,380.000000,0
atlas,wt,35,17.708333,0.491000,440.000000,438.000000,0
atlas,wt,36,6.876000,0.011667,3000.000000,1279.000000,1
atlas,wt,37,8.166000,0.014000,3000.000000,701.000000,1
atlas,wt,38,8.490000,0.101333,3000.000000,1.000000,1
atlas,wt,39,13.586667,0.107000,3000.000000,1256.000000,1
atlas,wt,40,17.165667,0.606667,316.000000,722.000000,0
atlas,wt,41,17.720000,0.574333,463.000000,423.000000,0
atlas,wt,42,18.189333,0.659000,300.000000,400.000000,0
atlas,wt,43,16.763333,0.513333,517.000000,550.000000,0
atlas,wt,44,8.892333,0.045667,3000.000000,847.000000,1
atlas,wt,45,13.296667,0.239000,919.000000,523.000000,0
atlas,wt,46,16.465333,0.343333,889.000000,816.000000,0
atlas,wt,47,12.273000,0.184333,2048.000000,1353.000000,0
atlas,wt,48,15.857000,0.472000,748.000000,1102.000000,0
atlas,wt,49,18.051333,0.583333,365.000000,402.000000,0
atlas,wt,50,14.191333,0.173667,2094.000000,1182.000000,0
atlas,wt,51,19.280667,0.835667,119.000000,205.000000,0
atlas,wt,52,1.201000,0.000333,3000.000000,1.000000,1
atlas,wt,53,18.747000,0.714333,383.000000,398.000000,0
atlas,wt,54,16.224000,0.521333,521.000000,378.000000,0
atlas,wt,55,12.857333,0.196000,1897.000000,923.000000,0
atlas,wt,56,13.697667,0.173000,2365.000000,1325.000000,0
atlas,wt,57,18.620000,0.676667,278.000000,313.000000,0
atlas,wt,58,10.086000,0.037667,3000.000000,1061.000000,1
atlas,wt,59,10.560333,0.090000,3000.000000,1111.000000,1
atlas,wt,60,17.327333,0.558000,367.000000,355.000000,0
atlas,wt,61,16.926667,0.430333,479.000000,239.000000,0
atlas,wt,62,16.743000,0.529667,644.000000,758.000000,0
atlas,wt,63,18.424333,0.682333,353.000000,548.000000,0
atlas,wt,64,19.544333,0.891000,158.000000,224.000000,0
atlas,wt,65,17.739667,0.632667,314.000000,230.000000,0
atlas,wt,66,5.592667,0.005000,3000.000000,1.000000,1
atlas,wt,67,8.479667,0.037667,3000.000000,1062.000000,1
atlas,wt,68,17.571667,0.621333,241.000000,257.000000,0
atlas,wt,69,6.199000,0.009000,3000.000000,626.000000,1
atlas,wt,70,19.438000,0.846667,10.000000,46.000000,0
atlas,wt,71,11.313333,0.171667,1669.000000,895.000000,0
atlas,wt,72,11.994333,0.067000,3000.000000,1219.000000,1
atlas,wt,73,17.305000,0.485000,377.000000,368.000000,0
atlas,wt,74,17.898000,0.701333,92.000000,140.000000,0
atlas,wt,75,8.637000,0.027000,3000.000000,659.000000,1
atlas,wt,76,15.776000,0.291000,1023.000000,616.000000,0
atlas,wt,77,4.919000,0.004333,3000.000000,1059.000000,1
atlas,wt,78,19.453333,0.866667,56.000000,171.000000,0
atlas,wt,79,15.289667,0.390000,534.000000,38.000000,0
atlas,wt,80,15.204667,0.223333,1554.000000,527.000000,0
atlas,wt,81,16.717000,0.375000,890.000000,559.000000,0
atlas,wt,82,7.810667,0.033667,3000.000000,519.000000,1
atlas,wt,83,19.498667,0.904000,139.000000,219.000000,0
atlas,wt,84,17.646000,0.599000,309.000000,362.000000,0
atlas,wt,85,15.488667,0.422333,274.000000,283.000000,0
atlas,wt,86,19.545667,0.886667,100.000000,200.000000,0
atlas,wt,87,17.252333,0.589333,247.000000,259.000000,0
atlas,wt,88,18.223333,0.675333,239.000000,327.000000,0
atlas,wt,89,17.484333,0.586667,355.000000,469.000000,0
atlas,wt,90,13.738333,0.100333,3000.000000,865.000000,1
atlas,wt,91,0.491333,0.000000,3000.000000,1.000000,1
atlas,wt,92,18.244000,0.579333,583.000000,631.000000,0
atlas,wt,93,17.429000,0.658000,180.000000,163.000000,0
atlas,wt,94,14.448667,0.361667,339.000000,327.000000,0
atlas,wt,95,10.362333,0.083667,3000.000000,1478.000000,1
atlas,wt,96,12.521667,0.084333,3000.000000,1259.000000,1
atlas,rn,1,18.995667,0.859333,276.000000,339.000000,0
atlas,rn,2,19.693000,0.929333,13.000000,103.000000,0
atlas,rn,3,18.602000,0.731667,269.000000,332.000000,0
atlas,rn,4,18.669333,0.827667,200.000000,261.000000,0
atlas,rn,5,15.966667,0.361333,507.000000,469.000000,0
atlas,rn,6,18.629667,0.787667,42.000000,76.000000,0
atlas,rn,7,19.115333,0.827333,193.000000,245.000000,0
atlas,rn,8,17.249000,0.522000,343.000000,398.000000,0
atlas,rn,9,18.628000,0.735000,269.000000,428.000000,0
atlas,rn,10,17.890667,0.677333,461.000000,488.000000,0
atlas,rn,11,18.720667,0.799667,163.000000,225.000000,0
atlas,rn,12,14.853667,0.337333,977.000000,953.000000,0
atlas,rn,13,19.303333,0.803667,213.000000,271.000000,0
atlas,rn,14,19.585333,0.915333,48.000000,110.000000,0
atlas,rn,15,14.170333,0.374333,819.000000,327.000000,0
atlas,rn,16,19.515000,0.892667,158.000000,234.000000,0
atlas,rn,17,19.114333,0.834667,125.000000,232.000000,0
atlas,rn,18,19.473667,0.878000,113.000000,223.000000,0
atlas,rn,19,17.831000,0.647333,221.000000,301.000000,0
atlas,rn,20,19.084667,0.877333,99.000000,239.000000,0
atlas,rn,21,14.884000,0.343000,1247.000000,636.000000,0
atlas,rn,22,19.513667,0.898000,76.000000,152.000000,0
atlas,rn,23,18.210000,0.727333,152.000000,395.000000,0
atlas,rn,24,17.965667,0.649333,250.000000,369.000000,0
atlas,rn,25,18.499333,0.766667,380.000000,645.000000,0
atlas,rn,26,19.185667,0.851000,100.000000,213.000000,0
atlas,rn,27,19.625667,0.935667,25.000000,121.000000,0
atlas,rn,28,16.438000,0.548000,217.000000,97.000000,0
atlas,rn,29,19.176667,0.786000,206.000000,230.000000,0
atlas,rn,30,18.810333,0.716333,215.000000,247.000000,0
atlas,rn,31,19.044000,0.855333,196.000000,260.000000,0
atlas,rn,32,17.770333,0.715333,12.000000,206.000000,0
atlas,rn,33,18.784333,0.727000,230.000000,280.000000,0
atlas,rn,34,17.750667,0.698000,92.000000,113.000000,0
atlas,rn,35,17.023667,0.452000,756.000000,1155.000000,0
atlas,rn,36,17.574000,0.682000,356.000000,429.000000,0
atlas,rn,37,13.586667,0.089667,3000.000000,381.000000,1
atlas,rn,38,16.775333,0.515000,221.000000,204.000000,0
atlas,rn,39,18.387667,0.616667,394.000000,431.000000,0
atlas,rn,40,18.061667,0.629000,451.000000,561.000000,0
atlas,rn,41,17.860667,0.651333,589.000000,615.000000,0
atlas,rn,42,16.854333,0.538333,595.000000,650.000000,0
atlas,rn,43,18.690667,0.755000,3.000000,220.000000,0
atlas,rn,44,18.949333,0.805000,150.000000,230.000000,0
atlas,rn,45,16.905000,0.630000,284.000000,298.000000,0
atlas,rn,46,17.858333,0.652333,361.000000,405.000000,0
atlas,rn,47,18.403333,0.761667,120.000000,222.000000,0
atlas,rn,48,18.928000,0.804333,79.000000,216.000000,0
atlas,rn,49,19.272333,0.835000,159.000000,234.000000,0
atlas,rn,50,17.859667,0.641667,350.000000,342.000000,0
atlas,rn,51,19.633667,0.911000,55.000000,202.000000,0
atlas,rn,52,16.105333,0.547000,305.000000,371.000000,0
atlas,rn,53,19.491333,0.876333,70.000000,210.000000,0
atlas,rn,54,15.749667,0.522000,380.000000,771.000000,0
atlas,rn,55,18.284000,0.762000,361.000000,413.000000,0
atlas,rn,56,18.200333,0.648000,352.000000,601.000000,0
atlas,rn,57,17.536000,0.520333,546.000000,484.000000,0
atlas,rn,58,17.555000,0.456667,449.000000,441.000000,0
atlas,rn,59,8.371000,0.159333,626.000000,525.000000,0
atlas,rn,60,18.761333,0.805000,63.000000,206.000000,0
atlas,rn,61,19.201000,0.818667,98.000000,205.000000,0
atlas,rn,62,18.345000,0.742667,55.000000,202.000000,0
atlas,rn,63,19.052667,0.843333,235.000000,303.000000,0
atlas,rn,64,18.697333,0.788000,120.000000,112.000000,0
atlas,rn,65,17.941333,0.738000,6.000000,228.000000,0
atlas,rn,66,18.836667,0.778333,308.000000,464.000000,0
atlas,rn,67,16.606333,0.335667,866.000000,333.000000,0
atlas,rn,68,19.130000,0.845667,116.000000,223.000000,0
atlas,rn,69,10.531333,0.040333,3000.000000,3.000000,1
atlas,rn,70,18.827333,0.787333,212.000000,267.000000,0
atlas,rn,71,16.533333,0.514667,263.000000,285.000000,0
atlas,rn,72,16.490667,0.437333,675.000000,605.000000,0
atlas,rn,73,19.089667,0.839333,192.000000,227.000000,0
atlas,rn,74,17.121333,0.623667,227.000000,235.000000,0
atlas,rn,75,17.853333,0.653333,205.000000,276.000000,0
atlas,rn,76,15.869667,0.380000,811.000000,775.000000,0
atlas,rn,77,5.355000,0.009000,3000.000000,1408.000000,1
atlas,rn,78,19.601667,0.908333,20.000000,198.000000,0
atlas,rn,79,18.079667,0.702000,360.000000,532.000000,0
atlas,rn,80,15.944333,0.299333,1115.000000,730.000000,0
atlas,rn,81,17.606333,0.582333,339.000000,308.000000,0
atlas,rn,82,18.261667,0.724000,308.000000,408.000000,0
atlas,rn,83,19.226667,0.842667,162.000000,241.000000,0
atlas,rn,84,19.463000,0.899333,199.000000,256.000000,0
atlas,rn,85,16.790667,0.600333,619.000000,773.000000,0
atlas,rn,86,19.512333,0.903333,58.000000,114.000000,0
atlas,rn,87,18.548333,0.745333,129.000000,215.000000,0
atlas,rn,88,19.252667,0.854667,59.000000,430.000000,0
atlas,rn,89,18.412333,0.686000,324.000000,394.000000,0
atlas,rn,90,15.132000,0.425667,264.000000,210.000000,0
atlas,rn,91,17.106333,0.456000,652.000000,550.000000,0
atlas,rn,92,15.345667,0.160000,2164.000000,624.000000,0
atlas,rn,93,18.947000,0.804667,83.000000,203.000000,0
atlas,rn,94,17.904333,0.719333,146.000000,243.000000,0
atlas,rn,95,16.394667,0.539667,465.000000,595.000000,0
atlas,rn,96,15.392667,0.325667,1166.000000,771.000000,0
baseline_atlas,wt,1,19.311000,0.857667,169.000000,232.000000,0
baseline_atlas,wt,2,18.864667,0.778667,288.000000,354.000000,0
baseline_atlas,wt,3,18.466000,0.712000,252.000000,298.000000,0
baseline_atlas,wt,4,19.366667,0.858333,201.000000,275.000000,0
baseline_atlas,wt,5,19.258667,0.858333,153.000000,211.000000,0
baseline_atlas,wt,6,18.359667,0.659667,290.000000,383.000000,0
baseline_atlas,wt,7,18.893333,0.708333,280.000000,328.000000,0
baseline_atlas,wt,8,18.863333,0.767667,93.000000,202.000000,0
baseline_atlas,wt,9,19.006000,0.808333,210.000000,428.000000,0
baseline_atlas,wt,10,17.537000,0.645333,336.000000,1123.000000,0
baseline_atlas,wt,11,18.366667,0.627000,450.000000,480.000000,0
baseline_atlas,wt,12,18.990000,0.776000,206.000000,244.000000,0
baseline_atlas,wt,13,18.045000,0.631000,469.000000,430.000000,0
baseline_atlas,wt,14,17.109333,0.429667,968.000000,914.000000,0
baseline_atlas,wt,15,18.542333,0.779333,99.000000,225.000000,0
baseline_atlas,wt,16,19.339333,0.833333,246.000000,303.000000,0
baseline_atlas,wt,17,16.465000,0.425333,799.000000,815.000000,0
baseline_atlas,wt,18,19.074000,0.783667,318.000000,363.000000,0
baseline_atlas,wt,19,17.461000,0.586667,442.000000,483.000000,0
baseline_atlas,wt,20,19.174667,0.843667,176.000000,240.000000,0
baseline_atlas,wt,21,18.026667,0.655667,312.000000,345.000000,0
baseline_atlas,wt,22,18.693333,0.747667,163.000000,216.000000,0
baseline_atlas,wt,23,16.514000,0.514333,419.000000,414.000000,0
baseline_atlas,wt,24,19.661000,0.925667,49.000000,183.000000,0
baseline_atlas,wt,25,18.339667,0.744667,217.000000,219.000000,0
baseline_atlas,wt,26,19.423333,0.891667,166.000000,234.000000,0
baseline_atlas,wt,27,18.121000,0.698667,128.000000,222.000000,0
baseline_atlas,wt,28,19.470333,0.900000,130.000000,225.000000,0
baseline_atlas,wt,29,18.660667,0.762333,281.000000,299.000000,0
baseline_atlas,wt,30,19.253667,0.866667,180.000000,259.000000,0
baseline_atlas,wt,31,18.914667,0.783667,485.000000,573.000000,0
baseline_atlas,wt,32,16.316333,0.512667,562.000000,918.000000,0
baseline_atlas,wt,33,18.017333,0.563000,570.000000,624.000000,0
baseline_atlas,wt,34,17.803333,0.658333,349.000000,541.000000,0
baseline_atlas,wt,35,19.391667,0.890000,142.000000,231.000000,0
baseline_atlas,wt,36,17.829000,0.654667,323.000000,405.000000,0
baseline_atlas,wt,37,18.605333,0.729667,238.000000,280.000000,0
baseline_atlas,wt,38,17.962667,0.705000,159.000000,217.000000,0
baseline_atlas,wt,39,17.345667,0.533000,653.000000,887.000000,0
baseline_atlas,wt,40,15.740667,0.511333,675.000000,840.000000,0
baseline_atlas,wt,41,19.584000,0.909000,80.000000,210.000000,0
baseline_atlas,wt,42,18.816667,0.800667,143.000000,228.000000,0
baseline_atlas,wt,43,19.469667,0.860333,153.000000,227.000000,0
baseline_atlas,wt,44,16.796667,0.513667,373.000000,322.000000,0
baseline_atlas,wt,45,17.390667,0.558333,456.000000,536.000000,0
baseline_atlas,wt,46,19.225000,0.790667,233.000000,294.000000,0
baseline_atlas,wt,47,17.867667,0.669333,236.000000,209.000000,0
baseline_atlas,wt,48,17.497333,0.647333,239.000000,331.000000,0
baseline_atlas,wt,49,19.017667,0.721667,338.000000,416.000000,0
baseline_atlas,wt,50,18.637667,0.635000,396.000000,385.000000,0
baseline_atlas,wt,51,19.112333,0.742000,255.000000,307.000000,0
baseline_atlas,wt,52,17.004667,0.558000,296.000000,309.000000,0
baseline_atlas,wt,53,17.963333,0.647333,298.000000,326.000000,0
baseline_atlas,wt,54,18.636667,0.656000,313.000000,388.000000,0
baseline_atlas,wt,55,17.609000,0.644667,278.000000,256.000000,0
baseline_atlas,wt,56,18.721667,0.739000,343.000000,458.000000,0
baseline_atlas,wt,57,18.582667,0.630333,277.000000,302.000000,0
baseline_atlas,wt,58,18.778333,0.714000,415.000000,456.000000,0
baseline_atlas,wt,59,17.984000,0.671667,270.000000,255.000000,0
baseline_atlas,wt,60,19.117667,0.808333,232.000000,413.000000,0
baseline_atlas,wt,61,18.792333,0.779000,271.000000,460.000000,0
baseline_atlas,wt,62,18.747000,0.756667,294.000000,509.000000,0
baseline_atlas,wt,63,19.232667,0.853000,214.000000,280.000000,0
baseline_atlas,wt,64,17.494333,0.625667,253.000000,253.000000,0
baseline_atlas,wt,65,18.953000,0.790333,186.000000,229.000000,0
baseline_atlas,wt,66,17.496000,0.610000,328.000000,454.000000,0
baseline_atlas,wt,67,17.709000,0.488667,487.000000,519.000000,0
baseline_atlas,wt,68,19.100667,0.792000,160.000000,246.000000,0
baseline_atlas,wt,69,19.505333,0.875000,146.000000,222.000000,0
baseline_atlas,wt,70,17.888333,0.517000,511.000000,514.000000,0
baseline_atlas,wt,71,17.070333,0.538667,450.000000,426.000000,0
baseline_atlas,wt,72,18.134000,0.578333,436.000000,456.000000,0
baseline_atlas,wt,73,18.807667,0.730667,392.000000,469.000000,0
baseline_atlas,wt,74,18.264333,0.748333,441.000000,499.000000,0
baseline_atlas,wt,75,17.000667,0.516000,500.000000,369.000000,0
baseline_atlas,wt,76,18.397000,0.622000,222.000000,269.000000,0
baseline_atlas,wt,77,16.764667,0.540333,390.000000,565.000000,0
baseline_atlas,wt,78,19.108333,0.838000,203.000000,413.000000,0
baseline_atlas,wt,79,19.453667,0.898333,179.000000,246.000000,0
baseline_atlas,wt,80,18.575000,0.742000,345.000000,390.000000,0
baseline_atlas,wt,81,17.992000,0.711000,290.000000,667.000000,0
baseline_atlas,wt,82,16.978667,0.557667,543.000000,576.000000,0
baseline_atlas,wt,83,18.236667,0.547000,433.000000,408.000000,0
baseline_atlas,wt,84,19.302667,0.854000,162.000000,256.000000,0
baseline_atlas,wt,85,19.590000,0.913667,50.000000,200.000000,0
baseline_atlas,wt,86,16.985000,0.627667,218.000000,236.000000,0
baseline_atlas,wt,87,15.913000,0.496000,208.000000,211.000000,0
baseline_atlas,wt,88,18.680667,0.773000,182.000000,312.000000,0
baseline_atlas,wt,89,16.096333,0.523000,310.000000,329.000000,0
baseline_atlas,wt,90,17.794667,0.666333,238.000000,290.000000,0
baseline_atlas,wt,91,17.806333,0.519333,736.000000,744.000000,0
baseline_atlas,wt,92,18.531333,0.619333,435.000000,494.000000,0
baseline_atlas,wt,93,19.090667,0.845667,224.000000,289.000000,0
baseline_atlas,wt,94,18.841333,0.770333,238.000000,311.000000,0
baseline_atlas,wt,95,18.740667,0.776000,226.000000,352.000000,0
baseline_atlas,wt,96,18.561000,0.746333,218.000000,293.000000,0
baseline_atlas,rn,1,19.232333,0.843667,79.000000,178.000000,0
baseline_atlas,rn,2,19.768000,0.953000,62.000000,123.000000,0
baseline_atlas,rn,3,19.549333,0.906333,133.000000,237.000000,0
baseline_atlas,rn,4,19.039333,0.831333,139.000000,220.000000,0
baseline_atlas,rn,5,19.491333,0.920667,76.000000,208.000000,0
baseline_atlas,rn,6,19.189333,0.847667,129.000000,232.000000,0
baseline_atlas,rn,7,19.638333,0.929000,90.000000,203.000000,0
baseline_atlas,rn,8,18.819667,0.792667,278.000000,332.000000,0
baseline_atlas,rn,9,19.199667,0.859667,196.000000,262.000000,0
baseline_atlas,rn,10,18.681000,0.739667,236.000000,387.000000,0
baseline_atlas,rn,11,18.499333,0.661333,321.000000,410.000000,0
baseline_atlas,rn,12,19.595667,0.923667,80.000000,204.000000,0
baseline_atlas,rn,13,16.560333,0.569667,378.000000,501.000000,0
baseline_atlas,rn,14,17.314333,0.681667,75.000000,56.000000,0
baseline_atlas,rn,15,18.044000,0.730000,211.000000,303.000000,0
baseline_atlas,rn,16,19.225667,0.876000,123.000000,224.000000,0
baseline_atlas,rn,17,19.253000,0.868333,102.000000,216.000000,0
baseline_atlas,rn,18,19.507000,0.874333,203.000000,286.000000,0
baseline_atlas,rn,19,17.917333,0.642333,275.000000,443.000000,0
baseline_atlas,rn,20,18.866333,0.813000,189.000000,236.000000,0
baseline_atlas,rn,21,18.676000,0.679667,271.000000,288.000000,0
baseline_atlas,rn,22,18.739000,0.804000,85.000000,206.000000,0
baseline_atlas,rn,23,18.167333,0.721333,392.000000,491.000000,0
baseline_atlas,rn,24,19.379333,0.889667,156.000000,230.000000,0
baseline_atlas,rn,25,19.000333,0.854000,257.000000,340.000000,0
baseline_atlas,rn,26,18.555667,0.782000,60.000000,218.000000,0
baseline_atlas,rn,27,19.361333,0.899667,200.000000,267.000000,0
baseline_atlas,rn,28,18.235000,0.704667,212.000000,238.000000,0
baseline_atlas,rn,29,19.192333,0.812667,221.000000,296.000000,0
baseline_atlas,rn,30,18.070000,0.741000,142.000000,421.000000,0
baseline_atlas,rn,31,18.604000,0.801667,143.000000,265.000000,0
baseline_atlas,rn,32,19.516667,0.883000,172.000000,234.000000,0
baseline_atlas,rn,33,18.108667,0.683667,283.000000,419.000000,0
baseline_atlas,rn,34,17.648667,0.679333,215.000000,323.000000,0
baseline_atlas,rn,35,19.470667,0.885000,123.000000,233.000000,0
baseline_atlas,rn,36,19.085667,0.846000,53.000000,133.000000,0
baseline_atlas,rn,37,18.960000,0.815000,150.000000,235.000000,0
baseline_atlas,rn,38,19.231000,0.857333,146.000000,234.000000,0
baseline_atlas,rn,39,19.391667,0.871333,229.000000,260.000000,0
baseline_atlas,rn,40,18.939333,0.841000,143.000000,253.000000,0
baseline_atlas,rn,41,19.342333,0.865000,213.000000,267.000000,0
baseline_atlas,rn,42,19.373667,0.851333,162.000000,257.000000,0
baseline_atlas,rn,43,19.325000,0.863667,193.000000,233.000000,0
baseline_atlas,rn,44,18.105667,0.680333,265.000000,219.000000,0
baseline_atlas,rn,45,17.843333,0.716333,142.000000,241.000000,0
baseline_atlas,rn,46,17.085000,0.609000,149.000000,102.000000,0
baseline_atlas,rn,47,19.701333,0.938000,66.000000,202.000000,0
baseline_atlas,rn,48,19.291333,0.836667,150.000000,209.000000,0
baseline_atlas,rn,49,18.904000,0.772000,338.000000,407.000000,0
baseline_atlas,rn,50,19.178333,0.785667,257.000000,347.000000,0
baseline_atlas,rn,51,18.641333,0.672333,351.000000,435.000000,0
baseline_atlas,rn,52,18.609667,0.776000,258.000000,355.000000,0
baseline_atlas,rn,53,15.997000,0.498667,471.000000,528.000000,0
baseline_atlas,rn,54,19.580333,0.914000,90.000000,219.000000,0
baseline_atlas,rn,55,19.101667,0.839000,160.000000,219.000000,0
baseline_atlas,rn,56,19.268667,0.849000,96.000000,213.000000,0
baseline_atlas,rn,57,19.398333,0.876000,170.000000,245.000000,0
baseline_atlas,rn,58,19.348000,0.853667,186.000000,259.000000,0
baseline_atlas,rn,59,18.427000,0.762667,218.000000,274.000000,0
baseline_atlas,rn,60,19.363000,0.879333,125.000000,213.000000,0
baseline_atlas,rn,61,19.231667,0.851667,212.000000,249.000000,0
baseline_atlas,rn,62,16.220000,0.546000,45.000000,73.000000,0
baseline_atlas,rn,63,19.625667,0.904000,70.000000,206.000000,0
baseline_atlas,rn,64,18.889000,0.793333,160.000000,238.000000,0
baseline_atlas,rn,65,19.274000,0.861000,88.000000,206.000000,0
baseline_atlas,rn,66,16.766000,0.593667,218.000000,349.000000,0
baseline_atlas,rn,67,18.287333,0.633667,355.000000,357.000000,0
baseline_atlas,rn,68,17.343667,0.655000,95.000000,102.000000,0
baseline_atlas,rn,69,18.415333,0.718000,295.000000,295.000000,0
baseline_atlas,rn,70,18.534333,0.733333,413.000000,447.000000,0
baseline_atlas,rn,71,19.127667,0.854000,130.000000,233.000000,0
baseline_atlas,rn,72,18.515000,0.790333,172.000000,183.000000,0
baseline_atlas,rn,73,18.710667,0.804333,129.000000,154.000000,0
baseline_atlas,rn,74,19.263333,0.832333,103.000000,212.000000,0
baseline_atlas,rn,75,19.016667,0.824000,218.000000,279.000000,0
baseline_atlas,rn,76,19.182667,0.850667,331.000000,412.000000,0
baseline_atlas,rn,77,19.331333,0.863000,140.000000,242.000000,0
baseline_atlas,rn,78,19.672333,0.928667,28.000000,111.000000,0
baseline_atlas,rn,79,19.505000,0.918333,136.000000,220.000000,0
baseline_atlas,rn,80,18.866667,0.822333,279.000000,343.000000,0
baseline_atlas,rn,81,19.154667,0.885667,158.000000,255.000000,0
baseline_atlas,rn,82,18.345000,0.729333,116.000000,206.000000,0
baseline_atlas,rn,83,18.501000,0.755000,246.000000,306.000000,0
baseline_atlas,rn,84,19.286667,0.867000,214.000000,285.000000,0
baseline_atlas,rn,85,19.200333,0.860667,215.000000,299.000000,0
baseline_atlas,rn,86,17.550333,0.730000,215.000000,584.000000,0
baseline_atlas,rn,87,19.223333,0.871000,76.000000,388.000000,0
baseline_atlas,rn,88,18.923333,0.813000,119.000000,167.000000,0
baseline_atlas,rn,89,19.123667,0.835000,149.000000,240.000000,0
baseline_atlas,rn,90,18.763333,0.784667,180.000000,288.000000,0
baseline_atlas,rn,91,18.437667,0.736667,279.000000,313.000000,0
baseline_atlas,rn,92,18.797000,0.652667,273.000000,309.000000,0
baseline_atlas,rn,93,19.215333,0.872000,83.000000,345.000000,0
baseline_atlas,rn,94,19.223333,0.872667,198.000000,267.000000,0
baseline_atlas,rn,95,18.321000,0.726667,235.000000,344.000000,0
baseline_atlas,rn,96,18.625333,0.775667,238.000000,281.000000,0
nogap,wt,1,18.439000,0.751333,103.000000,215.000000,0
nogap,wt,2,18.065667,0.717000,66.000000,208.000000,0
nogap,wt,3,18.487000,0.742667,108.000000,209.000000,0
nogap,wt,4,18.130333,0.742333,116.000000,218.000000,0
nogap,wt,5,18.681000,0.785333,56.000000,100.000000,0
nogap,wt,6,17.808667,0.666000,170.000000,216.000000,0
nogap,wt,7,17.850333,0.720333,136.000000,212.000000,0
nogap,wt,8,17.621000,0.657333,105.000000,220.000000,0
nogap,wt,9,15.450667,0.515000,356.000000,451.000000,0
nogap,wt,10,18.186667,0.689667,225.000000,260.000000,0
nogap,wt,11,17.053667,0.499000,271.000000,145.000000,0
nogap,wt,12,19.520000,0.901000,39.000000,176.000000,0
nogap,wt,13,18.866000,0.815000,83.000000,532.000000,0
nogap,wt,14,18.403667,0.659667,446.000000,478.000000,0
nogap,wt,15,18.466333,0.765333,108.000000,221.000000,0
nogap,wt,16,18.797333,0.770667,139.000000,224.000000,0
nogap,wt,17,18.841333,0.782333,119.000000,243.000000,0
nogap,wt,18,19.280000,0.870000,128.000000,207.000000,0
nogap,wt,19,16.750333,0.582667,226.000000,269.000000,0
nogap,wt,20,18.942667,0.797333,296.000000,354.000000,0
nogap,wt,21,15.370000,0.448333,276.000000,305.000000,0
nogap,wt,22,18.631667,0.744000,223.000000,233.000000,0
nogap,wt,23,18.338000,0.714667,241.000000,315.000000,0
nogap,wt,24,19.435000,0.894000,20.000000,217.000000,0
nogap,wt,25,17.964667,0.718333,123.000000,108.000000,0
nogap,wt,26,17.891333,0.730667,68.000000,631.000000,0
nogap,wt,27,18.180333,0.724333,106.000000,459.000000,0
nogap,wt,28,19.049333,0.818333,62.000000,209.000000,0
nogap,wt,29,19.557000,0.902667,98.000000,222.000000,0
nogap,wt,30,17.999333,0.643667,312.000000,365.000000,0
nogap,wt,31,19.436667,0.884333,205.000000,272.000000,0
nogap,wt,32,18.642000,0.719667,203.000000,208.000000,0
nogap,wt,33,15.278000,0.412000,825.000000,825.000000,0
nogap,wt,34,17.890000,0.675667,183.000000,614.000000,0
nogap,wt,35,19.231000,0.850000,142.000000,231.000000,0
nogap,wt,36,17.960000,0.646667,304.000000,394.000000,0
nogap,wt,37,18.172000,0.704333,175.000000,222.000000,0
nogap,wt,38,19.173000,0.846333,207.000000,303.000000,0
nogap,wt,39,19.252000,0.843333,30.000000,220.000000,0
nogap,wt,40,19.010000,0.815667,48.000000,159.000000,0
nogap,wt,41,18.774333,0.790333,229.000000,400.000000,0
nogap,wt,42,16.902667,0.585333,342.000000,322.000000,0
nogap,wt,43,19.263000,0.817000,208.000000,343.000000,0
nogap,wt,44,18.314667,0.717000,273.000000,293.000000,0
nogap,wt,45,18.461667,0.767000,129.000000,245.000000,0
nogap,wt,46,18.794333,0.779000,59.000000,136.000000,0
nogap,wt,47,19.136667,0.821667,70.000000,205.000000,0
nogap,wt,48,18.925000,0.816667,109.000000,162.000000,0
nogap,wt,49,19.467000,0.866333,242.000000,273.000000,0
nogap,wt,50,18.966000,0.771667,359.000000,390.000000,0
nogap,wt,51,18.733000,0.722333,223.000000,218.000000,0
nogap,wt,52,19.006000,0.803333,328.000000,419.000000,0
nogap,wt,53,18.595000,0.728333,295.000000,327.000000,0
nogap,wt,54,18.895333,0.815000,63.000000,163.000000,0
nogap,wt,55,18.079000,0.611667,152.000000,51.000000,0
nogap,wt,56,19.171333,0.850333,130.000000,254.000000,0
nogap,wt,57,19.080667,0.791333,222.000000,262.000000,0
nogap,wt,58,18.477667,0.623667,301.000000,392.000000,0
nogap,wt,59,19.022000,0.798333,126.000000,304.000000,0
nogap,wt,60,18.068000,0.704333,88.000000,623.000000,0
nogap,wt,61,18.720000,0.777667,110.000000,254.000000,0
nogap,wt,62,17.816000,0.684667,132.000000,164.000000,0
nogap,wt,63,18.182667,0.694333,275.000000,365.000000,0
nogap,wt,64,18.247000,0.701000,88.000000,213.000000,0
nogap,wt,65,19.519000,0.900667,88.000000,213.000000,0
nogap,wt,66,17.315667,0.622667,196.000000,230.000000,0
nogap,wt,67,18.130000,0.702000,239.000000,661.000000,0
nogap,wt,68,17.592667,0.637333,269.000000,321.000000,0
nogap,wt,69,15.667667,0.485333,248.000000,210.000000,0
nogap,wt,70,17.839333,0.672667,208.000000,248.000000,0
nogap,wt,71,18.633000,0.766000,160.000000,253.000000,0
nogap,wt,72,17.535000,0.670333,132.000000,234.000000,0
nogap,wt,73,19.195000,0.799000,236.000000,280.000000,0
nogap,wt,74,19.375000,0.871333,138.000000,214.000000,0
nogap,wt,75,17.111333,0.654000,128.000000,225.000000,0
nogap,wt,76,17.931667,0.619667,439.000000,310.000000,0
nogap,wt,77,18.355333,0.711333,252.000000,331.000000,0
nogap,wt,78,18.602333,0.780667,224.000000,346.000000,0
nogap,wt,79,19.089667,0.836000,180.000000,298.000000,0
nogap,wt,80,16.346667,0.349667,460.000000,296.000000,0
nogap,wt,81,17.751000,0.687667,172.000000,239.000000,0
nogap,wt,82,16.872333,0.566667,587.000000,658.000000,0
nogap,wt,83,19.076333,0.759000,226.000000,247.000000,0
nogap,wt,84,18.896000,0.807000,93.000000,225.000000,0
nogap,wt,85,19.150000,0.837333,70.000000,208.000000,0
nogap,wt,86,18.541667,0.784667,156.000000,218.000000,0
nogap,wt,87,19.022000,0.828667,85.000000,215.000000,0
nogap,wt,88,18.751000,0.785000,85.000000,218.000000,0
nogap,wt,89,18.135000,0.760000,112.000000,102.000000,0
nogap,wt,90,18.734000,0.789000,129.000000,220.000000,0
nogap,wt,91,17.681333,0.630667,402.000000,829.000000,0
nogap,wt,92,18.340667,0.558333,284.000000,228.000000,0
nogap,wt,93,19.101333,0.832667,146.000000,279.000000,0
nogap,wt,94,19.397333,0.875000,82.000000,203.000000,0
nogap,wt,95,18.616333,0.773333,106.000000,221.000000,0
nogap,wt,96,18.552333,0.734333,192.000000,244.000000,0
nogap,rn,1,18.641667,0.795000,236.000000,256.000000,0
nogap,rn,2,19.474333,0.888000,76.000000,188.000000,0
nogap,rn,3,18.652667,0.761333,123.000000,223.000000,0
nogap,rn,4,17.122000,0.607667,202.000000,265.000000,0
nogap,rn,5,18.933333,0.819667,53.000000,228.000000,0
nogap,rn,6,17.409667,0.642667,115.000000,134.000000,0
nogap,rn,7,19.142000,0.849667,103.000000,181.000000,0
nogap,rn,8,17.196333,0.621000,202.000000,310.000000,0
nogap,rn,9,17.629000,0.677000,79.000000,213.000000,0
nogap,rn,10,17.331000,0.612667,356.000000,470.000000,0
nogap,rn,11,18.333000,0.726000,210.000000,267.000000,0
nogap,rn,12,18.759333,0.799667,286.000000,375.000000,0
nogap,rn,13,18.675667,0.794333,180.000000,275.000000,0
nogap,rn,14,16.574000,0.602000,246.000000,229.000000,0
nogap,rn,15,17.799333,0.741667,418.000000,506.000000,0
nogap,rn,16,18.291333,0.721000,55.000000,104.000000,0
nogap,rn,17,19.319000,0.877667,100.000000,225.000000,0
nogap,rn,18,18.960333,0.800000,232.000000,281.000000,0
nogap,rn,19,17.959000,0.709333,60.000000,213.000000,0
nogap,rn,20,19.350667,0.855000,95.000000,145.000000,0
nogap,rn,21,16.091667,0.523667,346.000000,421.000000,0
nogap,rn,22,18.202667,0.710000,78.000000,125.000000,0
nogap,rn,23,17.282667,0.650333,166.000000,247.000000,0
nogap,rn,24,18.849667,0.820667,179.000000,298.000000,0
nogap,rn,25,18.727000,0.801000,99.000000,232.000000,0
nogap,rn,26,18.397000,0.775000,39.000000,78.000000,0
nogap,rn,27,19.047000,0.834667,136.000000,222.000000,0
nogap,rn,28,19.263000,0.869000,76.000000,209.000000,0
nogap,rn,29,19.342667,0.894667,105.000000,234.000000,0
nogap,rn,30,18.799667,0.807667,189.000000,291.000000,0
nogap,rn,31,18.990000,0.820000,129.000000,227.000000,0
nogap,rn,32,18.812000,0.810000,168.000000,237.000000,0
nogap,rn,33,17.586667,0.643000,208.000000,216.000000,0
nogap,rn,34,17.683667,0.702000,150.000000,266.000000,0
nogap,rn,35,19.185000,0.852333,60.000000,209.000000,0
nogap,rn,36,18.894667,0.832667,59.000000,127.000000,0
nogap,rn,37,17.268333,0.641333,88.000000,123.000000,0
nogap,rn,38,19.171000,0.852333,86.000000,182.000000,0
nogap,rn,39,18.826000,0.793000,158.000000,225.000000,0
nogap,rn,40,18.867667,0.814667,116.000000,244.000000,0
nogap,rn,41,19.212667,0.845333,125.000000,207.000000,0
nogap,rn,42,17.741667,0.724667,185.000000,409.000000,0
nogap,rn,43,19.222000,0.831667,106.000000,134.000000,0
nogap,rn,44,18.899667,0.821333,150.000000,238.000000,0
nogap,rn,45,17.712667,0.671000,116.000000,72.000000,0
nogap,rn,46,18.763333,0.801000,140.000000,261.000000,0
nogap,rn,47,19.519667,0.908333,89.000000,202.000000,0
nogap,rn,48,19.619333,0.914000,66.000000,155.000000,0
nogap,rn,49,19.223667,0.846667,238.000000,339.000000,0
nogap,rn,50,18.952000,0.791000,182.000000,234.000000,0
nogap,rn,51,17.646333,0.535667,362.000000,386.000000,0
nogap,rn,52,19.012000,0.828667,100.000000,210.000000,0
nogap,rn,53,18.629000,0.707333,112.000000,161.000000,0
nogap,rn,54,18.872000,0.819333,69.000000,281.000000,0
nogap,rn,55,18.662000,0.739333,106.000000,132.000000,0
nogap,rn,56,17.021667,0.613000,245.000000,298.000000,0
nogap,rn,57,19.362333,0.877000,70.000000,175.000000,0
nogap,rn,58,18.259667,0.759333,201.000000,284.000000,0
nogap,rn,59,19.004667,0.804667,158.000000,204.000000,0
nogap,rn,60,17.229333,0.688000,153.000000,294.000000,0
nogap,rn,61,17.839333,0.728000,290.000000,445.000000,0
nogap,rn,62,18.097333,0.754333,88.000000,58.000000,0
nogap,rn,63,18.263000,0.716667,233.000000,369.000000,0
nogap,rn,64,19.444000,0.900000,13.000000,58.000000,0
nogap,rn,65,18.507000,0.768333,205.000000,518.000000,0
nogap,rn,66,16.466333,0.587333,89.000000,419.000000,0
nogap,rn,67,18.157333,0.687000,179.000000,230.000000,0
nogap,rn,68,14.198000,0.449667,93.000000,75.000000,0
nogap,rn,69,16.447333,0.566000,266.000000,269.000000,0
nogap,rn,70,17.890667,0.756000,110.000000,597.000000,0
nogap,rn,71,18.665667,0.808333,172.000000,304.000000,0
nogap,rn,72,19.116333,0.849000,150.000000,283.000000,0
nogap,rn,73,19.182000,0.825667,217.000000,284.000000,0
nogap,rn,74,18.157000,0.747000,70.000000,144.000000,0
nogap,rn,75,18.091667,0.750333,88.000000,134.000000,0
nogap,rn,76,18.204000,0.729000,328.000000,323.000000,0
nogap,rn,77,17.225333,0.624333,160.000000,994.000000,0
nogap,rn,78,18.528333,0.747667,214.000000,307.000000,0
nogap,rn,79,19.171000,0.848333,73.000000,126.000000,0
nogap,rn,80,16.969667,0.616000,125.000000,117.000000,0
nogap,rn,81,0.004000,0.000000,3000.000000,3000.000000,1
nogap,rn,82,18.674667,0.799000,43.000000,355.000000,0
nogap,rn,83,18.778333,0.729000,216.000000,238.000000,0
nogap,rn,84,17.564000,0.730667,89.000000,365.000000,0
nogap,rn,85,19.172667,0.867000,20.000000,202.000000,0
nogap,rn,86,18.610333,0.799333,72.000000,170.000000,0
nogap,rn,87,19.094667,0.852333,46.000000,260.000000,0
nogap,rn,88,19.157667,0.863000,103.000000,232.000000,0
nogap,rn,89,17.041667,0.721667,83.000000,119.000000,0
nogap,rn,90,19.354667,0.874333,113.000000,226.000000,0
nogap,rn,91,18.324333,0.725000,98.000000,143.000000,0
nogap,rn,92,18.141333,0.524333,321.000000,319.000000,0
nogap,rn,93,17.224667,0.686000,39.000000,101.000000,0
nogap,rn,94,19.419667,0.888000,48.000000,133.000000,0
nogap,rn,95,18.922667,0.836333,70.000000,65.000000,0
nogap,rn,96,18.793333,0.821333,105.000000,191.000000,0
baseline_nogap,wt,1,18.632000,0.839333,26.000000,38.000000,0
baseline_nogap,wt,2,18.911000,0.863000,32.000000,39.000000,0
baseline_nogap,wt,3,17.604667,0.728333,30.000000,75.000000,0
baseline_nogap,wt,4,16.703000,0.683333,50.000000,240.000000,0
baseline_nogap,wt,5,18.603000,0.818000,36.000000,60.000000,0
baseline_nogap,wt,6,15.417333,0.576000,72.000000,203.000000,0
baseline_nogap,wt,7,10.012333,0.342333,391.000000,393.000000,0
baseline_nogap,wt,8,7.939000,0.179667,30.000000,23.000000,0
baseline_nogap,wt,9,16.062667,0.615000,29.000000,18.000000,0
baseline_nogap,wt,10,16.529000,0.688333,55.000000,105.000000,0
baseline_nogap,wt,11,9.087000,0.323333,42.000000,23.000000,0
baseline_nogap,wt,12,19.100667,0.872000,6.000000,133.000000,0
baseline_nogap,wt,13,16.087000,0.639000,214.000000,57.000000,0
baseline_nogap,wt,14,16.542333,0.597667,89.000000,11.000000,0
baseline_nogap,wt,15,15.582667,0.624667,62.000000,82.000000,0
baseline_nogap,wt,16,14.465667,0.569000,15.000000,30.000000,0
baseline_nogap,wt,17,15.943000,0.652333,78.000000,111.000000,0
baseline_nogap,wt,18,13.432667,0.555667,202.000000,286.000000,0
baseline_nogap,wt,19,12.812333,0.477667,200.000000,140.000000,0
baseline_nogap,wt,20,15.113667,0.565667,8.000000,13.000000,0
baseline_nogap,wt,21,16.206000,0.692333,49.000000,5.000000,0
baseline_nogap,wt,22,17.586667,0.726000,48.000000,48.000000,0
baseline_nogap,wt,23,14.220000,0.549333,139.000000,274.000000,0
baseline_nogap,wt,24,16.332000,0.652667,9.000000,3.000000,0
baseline_nogap,wt,25,17.653000,0.706000,18.000000,22.000000,0
baseline_nogap,wt,26,17.786667,0.758000,10.000000,236.000000,0
baseline_nogap,wt,27,18.758333,0.831000,56.000000,90.000000,0
baseline_nogap,wt,28,18.515333,0.820667,3.000000,17.000000,0
baseline_nogap,wt,29,10.025667,0.321000,3.000000,2.000000,0
baseline_nogap,wt,30,16.686667,0.671000,8.000000,10.000000,0
baseline_nogap,wt,31,17.054667,0.685333,135.000000,115.000000,0
baseline_nogap,wt,32,3.723333,0.119000,214.000000,1.000000,0
baseline_nogap,wt,33,13.366667,0.454000,196.000000,139.000000,0
baseline_nogap,wt,34,9.765000,0.318000,39.000000,10.000000,0
baseline_nogap,wt,35,17.508667,0.734000,3.000000,9.000000,0
baseline_nogap,wt,36,13.559000,0.521000,13.000000,306.000000,0
baseline_nogap,wt,37,16.594667,0.688333,16.000000,18.000000,0
baseline_nogap,wt,38,15.575333,0.617000,2.000000,2.000000,0
baseline_nogap,wt,39,0.001000,0.000000,3000.000000,3000.000000,1
baseline_nogap,wt,40,9.063333,0.340667,311.000000,148.000000,0
baseline_nogap,wt,41,16.876333,0.700333,2.000000,2.000000,0
baseline_nogap,wt,42,6.028333,0.089000,10.000000,1.000000,0
baseline_nogap,wt,43,17.130000,0.708667,55.000000,113.000000,0
baseline_nogap,wt,44,15.531667,0.599667,76.000000,43.000000,0
baseline_nogap,wt,45,11.793667,0.353000,804.000000,71.000000,0
baseline_nogap,wt,46,15.730667,0.635333,135.000000,1.000000,0
baseline_nogap,wt,47,18.308333,0.811667,73.000000,187.000000,0
baseline_nogap,wt,48,10.049667,0.364000,929.000000,976.000000,0
baseline_nogap,wt,49,9.557333,0.282667,876.000000,3.000000,0
baseline_nogap,wt,50,2.228333,0.048000,252.000000,1.000000,0
baseline_nogap,wt,51,10.521000,0.373667,85.000000,239.000000,0
baseline_nogap,wt,52,8.045333,0.288333,35.000000,1.000000,0
baseline_nogap,wt,53,15.307333,0.597000,50.000000,2.000000,0
baseline_nogap,wt,54,10.581000,0.373667,722.000000,1.000000,0
baseline_nogap,wt,55,18.219333,0.779667,20.000000,32.000000,0
baseline_nogap,wt,56,11.165667,0.408000,233.000000,1.000000,0
baseline_nogap,wt,57,9.170667,0.305000,399.000000,372.000000,0
baseline_nogap,wt,58,17.649000,0.729000,23.000000,16.000000,0
baseline_nogap,wt,59,16.484000,0.626333,76.000000,28.000000,0
baseline_nogap,wt,60,17.806333,0.751333,9.000000,13.000000,0
baseline_nogap,wt,61,18.694000,0.822667,3.000000,44.000000,0
baseline_nogap,wt,62,4.435667,0.080000,65.000000,1.000000,0
baseline_nogap,wt,63,18.930667,0.838667,80.000000,216.000000,0
baseline_nogap,wt,64,16.483667,0.667667,43.000000,404.000000,0
baseline_nogap,wt,65,19.084000,0.867000,5.000000,17.000000,0
baseline_nogap,wt,66,5.099333,0.148333,303.000000,6.000000,0
baseline_nogap,wt,67,8.938667,0.276333,1708.000000,1736.000000,0
baseline_nogap,wt,68,18.018000,0.749333,3.000000,14.000000,0
baseline_nogap,wt,69,14.205000,0.478333,169.000000,192.000000,0
baseline_nogap,wt,70,7.908333,0.260667,307.000000,7.000000,0
baseline_nogap,wt,71,11.167333,0.411667,58.000000,1.000000,0
baseline_nogap,wt,72,13.648000,0.498667,192.000000,215.000000,0
baseline_nogap,wt,73,18.052667,0.742667,40.000000,158.000000,0
baseline_nogap,wt,74,16.057333,0.648000,29.000000,22.000000,0
baseline_nogap,wt,75,1.612667,0.000000,3000.000000,1.000000,1
baseline_nogap,wt,76,12.148667,0.376667,229.000000,1.000000,0
baseline_nogap,wt,77,3.212333,0.093333,250.000000,1.000000,0
baseline_nogap,wt,78,10.623000,0.384000,20.000000,4.000000,0
baseline_nogap,wt,79,19.274000,0.886000,40.000000,88.000000,0
baseline_nogap,wt,80,14.799667,0.576000,251.000000,372.000000,0
baseline_nogap,wt,81,2.448000,0.085000,2654.000000,68.000000,0
baseline_nogap,wt,82,13.739000,0.561667,235.000000,493.000000,0
baseline_nogap,wt,83,16.752000,0.629000,377.000000,401.000000,0
baseline_nogap,wt,84,18.343000,0.807667,3.000000,11.000000,0
baseline_nogap,wt,85,17.888667,0.771000,12.000000,14.000000,0
baseline_nogap,wt,86,10.873667,0.430333,16.000000,6.000000,0
baseline_nogap,wt,87,15.181667,0.616667,179.000000,171.000000,0
baseline_nogap,wt,88,17.177667,0.723667,50.000000,94.000000,0
baseline_nogap,wt,89,15.870000,0.622667,224.000000,264.000000,0
baseline_nogap,wt,90,14.931000,0.594000,82.000000,25.000000,0
baseline_nogap,wt,91,9.008333,0.260333,1325.000000,4.000000,0
baseline_nogap,wt,92,16.265000,0.647000,36.000000,36.000000,0
baseline_nogap,wt,93,15.011333,0.647000,99.000000,269.000000,0
baseline_nogap,wt,94,18.587333,0.819000,38.000000,56.000000,0
baseline_nogap,wt,95,8.046000,0.171333,28.000000,10.000000,0
baseline_nogap,wt,96,17.846333,0.762667,73.000000,118.000000,0
baseline_nogap,rn,1,11.564667,0.471667,113.000000,141.000000,0
baseline_nogap,rn,2,2.587333,0.031000,5.000000,1.000000,0
baseline_nogap,rn,3,9.637333,0.340333,225.000000,225.000000,0
baseline_nogap,rn,4,0.972333,0.007333,5.000000,3000.000000,0
baseline_nogap,rn,5,12.415333,0.409667,2.000000,1.000000,0
baseline_nogap,rn,6,6.116667,0.135000,552.000000,13.000000,0
baseline_nogap,rn,7,12.111333,0.423333,808.000000,788.000000,0
baseline_nogap,rn,8,12.657333,0.470000,53.000000,1.000000,0
baseline_nogap,rn,9,14.032000,0.558667,309.000000,344.000000,0
baseline_nogap,rn,10,8.568667,0.293000,8.000000,6.000000,0
baseline_nogap,rn,11,3.050667,0.051333,16.000000,3000.000000,0
baseline_nogap,rn,12,16.129333,0.665000,2.000000,2.000000,0
baseline_nogap,rn,13,5.821000,0.176333,28.000000,1.000000,0
baseline_nogap,rn,14,1.454333,0.021667,3.000000,1.000000,0
baseline_nogap,rn,15,5.202667,0.155000,13.000000,3000.000000,0
baseline_nogap,rn,16,15.034333,0.593333,5.000000,5.000000,0
baseline_nogap,rn,17,15.438333,0.612000,66.000000,392.000000,0
baseline_nogap,rn,18,12.174333,0.454667,26.000000,54.000000,0
baseline_nogap,rn,19,0.367667,0.007667,3000.000000,3000.000000,1
baseline_nogap,rn,20,13.599333,0.540000,3.000000,1467.000000,0
baseline_nogap,rn,21,2.251667,0.052000,367.000000,2.000000,0
baseline_nogap,rn,22,1.557333,0.040333,13.000000,1.000000,0
baseline_nogap,rn,23,4.154333,0.105667,43.000000,18.000000,0
baseline_nogap,rn,24,15.942333,0.619333,3.000000,5.000000,0
baseline_nogap,rn,25,15.215667,0.630333,3.000000,3.000000,0
baseline_nogap,rn,26,13.816000,0.482000,23.000000,28.000000,0
baseline_nogap,rn,27,14.194000,0.578667,160.000000,235.000000,0
baseline_nogap,rn,28,11.217333,0.368667,22.000000,3.000000,0
baseline_nogap,rn,29,7.596000,0.262000,9.000000,6.000000,0
baseline_nogap,rn,30,13.947333,0.587000,557.000000,600.000000,0
baseline_nogap,rn,31,17.456333,0.729667,29.000000,76.000000,0
baseline_nogap,rn,32,6.831667,0.225333,52.000000,1.000000,0
baseline_nogap,rn,33,14.770667,0.557333,86.000000,40.000000,0
baseline_nogap,rn,34,2.412667,0.063667,550.000000,2.000000,0
baseline_nogap,rn,35,15.018333,0.556333,6.000000,7.000000,0
baseline_nogap,rn,36,16.945333,0.713333,9.000000,10.000000,0
baseline_nogap,rn,37,12.636667,0.470333,16.000000,13.000000,0
baseline_nogap,rn,38,10.031000,0.315000,2.000000,1.000000,0
baseline_nogap,rn,39,15.858333,0.647000,49.000000,235.000000,0
baseline_nogap,rn,40,13.310333,0.463000,15.000000,248.000000,0
baseline_nogap,rn,41,10.855667,0.398000,6.000000,235.000000,0
baseline_nogap,rn,42,1.656333,0.030000,129.000000,1.000000,0
baseline_nogap,rn,43,14.561333,0.544333,239.000000,331.000000,0
baseline_nogap,rn,44,6.614333,0.129667,2194.000000,93.000000,0
baseline_nogap,rn,45,15.677000,0.619333,20.000000,93.000000,0
baseline_nogap,rn,46,6.204333,0.228667,13.000000,1.000000,0
baseline_nogap,rn,47,10.133667,0.323000,10.000000,7.000000,0
baseline_nogap,rn,48,12.192333,0.410333,252.000000,274.000000,0
baseline_nogap,rn,49,13.179667,0.483333,93.000000,560.000000,0
baseline_nogap,rn,50,6.498333,0.143333,235.000000,3.000000,0
baseline_nogap,rn,51,13.499000,0.454000,29.000000,45.000000,0
baseline_nogap,rn,52,12.734000,0.430000,13.000000,26.000000,0
baseline_nogap,rn,53,8.187333,0.261333,785.000000,1.000000,0
baseline_nogap,rn,54,10.565667,0.367333,16.000000,18.000000,0
baseline_nogap,rn,55,0.007333,0.000000,3000.000000,3000.000000,1
baseline_nogap,rn,56,6.500333,0.214333,12.000000,1.000000,0
baseline_nogap,rn,57,15.921333,0.656667,86.000000,162.000000,0
baseline_nogap,rn,58,17.621000,0.768333,136.000000,427.000000,0
baseline_nogap,rn,59,13.728667,0.509667,229.000000,241.000000,0
baseline_nogap,rn,60,13.450667,0.506000,15.000000,25.000000,0
baseline_nogap,rn,61,14.879000,0.563667,70.000000,3.000000,0
baseline_nogap,rn,62,14.520667,0.570000,8.000000,1.000000,0
baseline_nogap,rn,63,15.568333,0.611667,45.000000,39.000000,0
baseline_nogap,rn,64,15.250667,0.612667,36.000000,18.000000,0
baseline_nogap,rn,65,2.048000,0.025667,42.000000,1.000000,0
baseline_nogap,rn,66,7.688667,0.270333,1473.000000,1446.000000,0
baseline_nogap,rn,67,2.852333,0.065000,2676.000000,65.000000,0
baseline_nogap,rn,68,11.414333,0.401667,707.000000,788.000000,0
baseline_nogap,rn,69,3.373333,0.126000,32.000000,3000.000000,0
baseline_nogap,rn,70,0.095000,0.000000,3000.000000,2.000000,1
baseline_nogap,rn,71,10.652000,0.336000,5.000000,2.000000,0
baseline_nogap,rn,72,12.192333,0.447333,30.000000,2.000000,0
baseline_nogap,rn,73,18.175333,0.787333,5.000000,11.000000,0
baseline_nogap,rn,74,10.878333,0.371000,50.000000,3.000000,0
baseline_nogap,rn,75,12.295000,0.472000,25.000000,2.000000,0
baseline_nogap,rn,76,9.278333,0.310667,65.000000,88.000000,0
baseline_nogap,rn,77,10.062000,0.334667,16.000000,7.000000,0
baseline_nogap,rn,78,14.691333,0.556333,2.000000,2.000000,0
baseline_nogap,rn,79,14.312000,0.562667,12.000000,11.000000,0
baseline_nogap,rn,80,1.258667,0.023333,2661.000000,1.000000,0
baseline_nogap,rn,81,9.611333,0.365333,16.000000,1.000000,0
baseline_nogap,rn,82,1.472000,0.011667,3000.000000,2.000000,1
baseline_nogap,rn,83,6.214000,0.184667,25.000000,1.000000,0
baseline_nogap,rn,84,0.173333,0.000000,3000.000000,1.000000,1
baseline_nogap,rn,85,11.047333,0.398667,32.000000,2.000000,0
baseline_nogap,rn,86,4.192000,0.118667,82.000000,1.000000,0
baseline_nogap,rn,87,9.189000,0.296333,140.000000,12.000000,0
baseline_nogap,rn,88,14.852333,0.592333,237.000000,357.000000,0
baseline_nogap,rn,89,2.499333,0.072000,173.000000,1.000000,0
baseline_nogap,rn,90,16.561667,0.676667,19.000000,266.000000,0
baseline_nogap,rn,91,5.375333,0.106667,5.000000,1.000000,0
baseline_nogap,rn,92,9.566000,0.295333,52.000000,21.000000,0
baseline_nogap,rn,93,15.677333,0.610000,2.000000,2.000000,0
baseline_nogap,rn,94,12.757000,0.432000,10.000000,5.000000,0
baseline_nogap,rn,95,1.143000,0.001000,3000.000000,3000.000000,1
baseline_nogap,rn,96,11.901667,0.448333,33.000000,35.000000,0
