arm,seed,success,foods,episodes,converged,onset,evasion_rate,temp_comfort,peak_action_density
wt_clone_frozen,1,39.33333333333333,6.873333333333333,600,True,466,51.11111111111112,0.7548645063417992,28.249099731445312
wt_clone_frozen,2,44.0,7.246666666666667,600,True,549,54.36241610738255,0.8215175804426065,27.176034927368164
wt_clone_frozen,3,40.0,7.013333333333334,600,True,569,54.379210779595766,0.6719229041062424,24.56277847290039
wt_clone_frozen,4,21.333333333333336,5.38,600,True,513,43.763919821826285,0.630557467069648,29.90945053100586
wt_clone_frozen,5,47.11111111111111,7.253333333333333,900,False,,55.35483870967742,0.7833223100754468,24.19013786315918
wt_clone_frozen,6,33.33333333333333,6.053333333333334,600,True,457,45.969498910675384,0.7155791787464403,17.90541648864746
wt_clone_frozen,7,61.33333333333333,8.28,600,True,554,63.893653516295025,0.7120157735599618,24.508525848388672
wt_clone_frozen,8,23.333333333333332,5.446666666666666,600,True,457,44.41913439635535,0.6875818567782797,22.314634323120117
rn_clone_frozen,1,44.0,7.206666666666667,600,True,477,54.77338476374156,0.7090247720459397,19.7465877532959
rn_clone_frozen,2,40.666666666666664,6.8533333333333335,600,True,496,53.602305475504316,0.8444324773818033,24.464664459228516
rn_clone_frozen,3,47.333333333333336,7.286666666666667,600,True,568,57.85046728971963,0.720168370748511,21.55709457397461
rn_clone_frozen,4,44.666666666666664,7.326666666666667,600,True,526,57.738646895273405,0.7584256664970814,22.141571044921875
rn_clone_frozen,5,48.0,7.306666666666667,600,True,555,53.43968095712861,0.8013299699191113,21.70930290222168
rn_clone_frozen,6,36.0,6.526666666666666,600,True,531,49.94871794871795,0.729091601260202,20.040271759033203
rn_clone_frozen,7,55.333333333333336,7.886666666666667,600,True,554,61.5180935569285,0.6948342212009916,34.886940002441406
rn_clone_frozen,8,26.0,5.88,600,True,552,44.4568868980963,0.7559231057148186,22.667972564697266
wt_clone_hebbian,1,7.000000000000001,3.476,2000,True,1,4.16435313714603,0.7867535229497243,8.599379539489746
wt_clone_hebbian,2,56.00000000000001,7.946,2000,True,1122,34.104046242774565,0.8337946259795813,20.918773651123047
wt_clone_hebbian,3,57.599999999999994,8.07,2000,True,698,28.477112676056343,0.7092667715458855,10.374298095703125
wt_clone_hebbian,4,74.0,9.168,2000,True,1216,49.59029826286463,0.7256269680540651,10.52720832824707
wt_clone_hebbian,5,50.4,7.536,2000,True,281,42.38151194672935,0.629291593621967,13.819089889526367
wt_clone_hebbian,6,2.666666666666667,2.64,3000,True,1,36.187639612807146,0.33837307287997637,10.617620468139648
wt_clone_hebbian,7,39.0,6.52,2000,True,1373,65.00607533414338,0.42880994827275065,23.080196380615234
wt_clone_hebbian,8,22.400000000000002,5.366,2000,True,1037,21.836121836121837,0.8437733494975275,6.479596138000488
rn_clone_hebbian,1,47.4,7.396,2000,True,1053,46.401515151515156,0.5917254190792812,9.823094367980957
rn_clone_hebbian,2,24.4,5.452,2000,True,751,24.076923076923077,0.8816352868104285,5.853511810302734
rn_clone_hebbian,3,25.4,5.968,2000,True,1448,62.25680933852139,0.4061943782691144,10.554512977600098
rn_clone_hebbian,4,1.7999999999999998,1.962,2000,True,1,4.218985434455048,0.9395719242537602,3.4164090156555176
rn_clone_hebbian,5,0.4,2.214,2000,True,1,14.323432343234325,0.5377513434388341,7.508172988891602
rn_clone_hebbian,6,28.799999999999997,6.074,2000,True,691,6.309944472488642,0.8089717217073216,7.070150852203369
rn_clone_hebbian,7,14.2,4.382,2000,True,1,47.673810768426556,0.3814858514606313,8.551141738891602
rn_clone_hebbian,8,1.0,2.262,2000,True,1,7.6335877862595405,0.9035641834651668,5.476600646972656
wt_clone_plastic,1,0.0,0.792,2000,True,1,19.07020872865275,0.8005979133053911,9.231802940368652
wt_clone_plastic,2,8.0,4.01,2000,True,1,7.729211087420043,0.8057795758233643,21.969987869262695
wt_clone_plastic,3,42.266666666666666,7.001333333333333,3000,True,228,50.061530888506034,0.5902087657288816,13.070060729980469
wt_clone_plastic,4,27.200000000000003,5.478,2000,True,1477,21.962616822429908,0.5760719600031835,16.556135177612305
wt_clone_plastic,5,4.8,3.494,2000,True,1,23.08438409311348,0.6545151102958716,14.451742172241211
wt_clone_plastic,6,3.5999999999999996,2.882,2000,True,1,7.751511819681143,0.8002224291867106,18.844783782958984
wt_clone_plastic,7,7.199999999999999,3.546,2000,True,1,20.416666666666668,0.5649962952095436,21.277944564819336
wt_clone_plastic,8,10.8,3.3,3000,True,2429,19.73518284993695,0.7694848260010309,9.763065338134766
rn_clone_plastic,1,4.0,2.97,2000,True,1,37.45624270711785,0.37205613786149083,16.52663230895996
rn_clone_plastic,2,1.0,3.224,2000,True,1,22.549609140108238,0.551304437417454,11.655832290649414
rn_clone_plastic,3,57.46666666666667,7.817333333333333,3000,True,2233,33.73185311699402,0.6882377501235881,10.797758102416992
rn_clone_plastic,4,8.799999999999999,4.554,2000,True,1,15.369554576603035,0.8145809630865504,13.74056625366211
rn_clone_plastic,5,30.266666666666666,6.105333333333333,3000,True,2767,19.0127970749543,0.6282137851518487,10.361352920532227
rn_clone_plastic,6,5.2,3.406,2000,True,1,9.539052496798975,0.5648612080761878,7.864712715148926
rn_clone_plastic,7,51.06666666666667,7.706666666666667,3000,False,,49.7710746027471,0.6436774159179061,13.852697372436523
rn_clone_plastic,8,3.3333333333333335,3.042666666666667,3000,True,1,40.421125302036586,0.4542883811008669,10.751771926879883
wt_fullclone_frozen,1,65.33333333333333,8.366666666666667,600,True,364,66.76579925650557,0.7318052378766947,18992035004416.0
wt_fullclone_frozen,2,65.33333333333333,7.8933333333333335,600,True,548,63.43577620173364,0.705514959622005,6.413998503650918e+16
wt_fullclone_frozen,3,68.66666666666667,8.4,600,True,467,69.81818181818183,0.6929077850029522,52364727812096.0
wt_fullclone_frozen,4,76.66666666666667,9.0,600,True,469,69.16299559471366,0.7082420927991784,12388561584128.0
wt_fullclone_frozen,5,70.66666666666667,8.673333333333334,600,True,558,69.16790490341754,0.7351882127175309,2.5778135892707473e+23
wt_fullclone_frozen,6,82.0,9.2,600,True,394,70.17280240420737,0.7583823890986805,1351790624768.0
wt_fullclone_frozen,7,77.33333333333333,8.92,600,True,561,70.02156721782889,0.7524173879296477,111728784310272.0
wt_fullclone_frozen,8,83.33333333333334,9.313333333333333,600,True,566,71.8881118881119,0.7479607170195853,4182433857536.0
rn_fullclone_frozen,1,80.44444444444444,9.017777777777777,900,True,355,71.05134474327627,0.7423244922621741,364202360832.0
rn_fullclone_frozen,2,81.33333333333333,9.133333333333333,600,True,524,70.88150289017341,0.7720512048838903,33780783906816.0
rn_fullclone_frozen,3,72.44444444444444,8.866666666666667,900,True,642,70.79524680073126,0.7560579339762725,4.559567346204672e+16
rn_fullclone_frozen,4,56.00000000000001,7.76,900,True,767,66.6304347826087,0.6618968602968591,24558260191232.0
rn_fullclone_frozen,5,84.66666666666667,9.193333333333333,600,True,508,71.13553113553114,0.7684990276637291,278916166057984.0
rn_fullclone_frozen,6,66.0,8.513333333333334,600,True,466,64.92478226444972,0.76248473957824,32558880768.0
rn_fullclone_frozen,7,80.0,9.233333333333333,600,True,523,72.09790209790211,0.7746346232629174,40335581184.0
rn_fullclone_frozen,8,76.66666666666667,9.106666666666667,600,True,565,66.64162283996995,0.7094729682380071,82555722268672.0
wt_fullclone_ppo,1,52.800000000000004,7.693333333333333,4500,False,,54.90909090909092,0.6447692486512027,527025303453696.0
wt_fullclone_ppo,2,51.733333333333334,7.536,4500,True,3694,54.30488731324387,0.686407453644344,5.179160187319091e+17
wt_fullclone_ppo,3,37.955555555555556,6.472888888888889,4500,False,,47.071409467772135,0.7353566576784593,5.017322813128704e+16
wt_fullclone_ppo,4,34.53333333333333,6.924,3000,True,1,51.73306772908367,0.7815440187539734,61616993337344.0
wt_fullclone_ppo,5,56.177777777777784,8.051555555555556,4500,True,2008,52.88761706555671,0.6841035973170086,7.702559922937334e+21
wt_fullclone_ppo,6,7.555555555555555,4.400888888888889,4500,True,1,42.69521410579345,0.8578280467997742,15477862563840.0
wt_fullclone_ppo,7,0.0,1.3662222222222222,4500,False,,47.19450563690553,0.9768476535086628,50774650388480.0
wt_fullclone_ppo,8,35.02222222222222,6.814222222222222,4500,True,3630,48.24293860230738,0.8047519351031865,1867839803752448.0
rn_fullclone_ppo,1,13.333333333333334,4.92,4500,True,2337,44.46724314817529,0.8132713385746649,4.170183034168934e+16
rn_fullclone_ppo,2,33.06666666666666,6.522666666666667,4500,True,3595,51.02475379291989,0.8203807354272545,7271225550176256.0
rn_fullclone_ppo,3,5.333333333333334,3.3853333333333335,3000,True,1,40.915148822745444,0.8961551833610734,2.9173410739257344e+18
rn_fullclone_ppo,4,31.066666666666663,6.596,3000,True,2327,49.56749145041239,0.7221752036471217,207751024214016.0
rn_fullclone_ppo,5,14.133333333333335,4.921333333333333,3000,True,2567,55.38916620447403,0.8148895995069044,575337041756160.0
rn_fullclone_ppo,6,51.33333333333333,7.774666666666667,3000,True,1990,58.100558659217874,0.6731850878133888,162640093511680.0
rn_fullclone_ppo,7,47.46666666666667,7.46,3000,True,2328,50.10962726729121,0.9426053973995138,9436682780672.0
rn_fullclone_ppo,8,7.466666666666668,4.314666666666667,3000,True,1,42.29632756437316,0.8532878842866938,25931024433152.0
wt_ppo,1,85.33333333333334,9.464,3000,True,247,65.74595355383532,0.6805628092679518,6347.24658203125
wt_ppo,2,53.733333333333334,7.489333333333334,3000,True,2474,49.70139349701394,0.6674861180963344,92.68549346923828
wt_ppo,3,79.2,9.116,3000,True,2366,55.61705617056171,0.6452379544959529,86.126220703125
wt_ppo,4,80.26666666666667,9.28,3000,True,99,60.31776054473236,0.668300710863833,418.4738464355469
wt_ppo,5,56.13333333333333,7.573333333333333,3000,True,2712,51.49572649572649,0.6265692728689531,503.3973083496094
wt_ppo,6,30.044444444444444,5.964444444444444,4500,True,3846,45.9110696517413,0.6988366660781902,88.24372100830078
wt_ppo,7,83.06666666666666,9.364,3000,True,1429,62.56794751640113,0.6578693305509128,869.3567504882812
wt_ppo,8,80.53333333333333,9.064,3000,True,1657,53.02027748132336,0.7194447404036445,152.3556365966797
rn_ppo,1,89.60000000000001,9.538666666666666,4500,True,2848,60.099782525265454,0.7110280603199252,405.1580505371094
rn_ppo,2,86.66666666666667,9.492,3000,True,757,60.09310986964619,0.6860315171547331,266.1155090332031
rn_ppo,3,80.53333333333333,9.198666666666666,3000,True,1657,52.531243380639694,0.6575636747572194,42.58176040649414
rn_ppo,4,82.8,9.341333333333333,3000,True,1483,55.9126233984457,0.6610574667051585,71.13166046142578
rn_ppo,5,77.95555555555555,9.051555555555556,4500,False,,50.65373260227752,0.7488152270276611,174.4300537109375
rn_ppo,6,56.35555555555556,7.404444444444445,4500,False,,48.08285588364919,0.8358583568125173,144.10696411132812
rn_ppo,7,84.71111111111111,9.373333333333333,4500,False,,53.81059120201736,0.5708487155926751,250.80789184570312
rn_ppo,8,90.8,9.612,3000,True,1660,57.91226008617313,0.6976376752488559,194.025146484375
