seed,chemical_wt_plateau,chemical_wt_floor,chemical_rn_plateau,chemical_rn_floor,chemical_gap_auc_success,chemical_gap_episodes_to_30pct_success,boundary_wt_plateau,boundary_wt_floor,boundary_rn_plateau,boundary_rn_floor,boundary_gap_auc_success,boundary_gap_episodes_to_30pct_success,interaction_auc_success,interaction_episodes_to_30pct_success
641,76.666667,0.000000,74.533333,0.000000,-0.047667,-1074.000000,76.666667,0.000000,72.266667,0.000000,-0.006667,-840.000000,0.041000,234.000000
642,78.666667,0.000000,76.400000,0.000000,-0.013667,-880.000000,78.666667,0.000000,78.933333,0.000000,-0.002000,76.000000,0.011667,956.000000
643,69.066667,0.000000,78.800000,0.000000,-0.072333,-125.000000,69.066667,0.000000,83.866667,0.000000,-0.085333,20.000000,-0.013000,145.000000
644,71.200000,0.000000,80.666667,0.000000,0.176333,1181.000000,71.200000,0.000000,76.933333,0.000000,0.041333,-55.000000,-0.135000,-1236.000000
645,74.400000,0.000000,65.600000,0.000000,-0.039000,-1161.000000,74.400000,0.000000,76.533333,0.000000,0.015667,-183.000000,0.054667,978.000000
646,77.200000,0.000000,77.200000,0.000000,-0.065667,-68.000000,77.200000,0.000000,83.866667,0.000000,-0.079667,811.000000,-0.014000,879.000000
647,76.533333,0.000000,72.266667,0.000000,0.073000,818.000000,76.533333,0.000000,65.600000,0.000000,0.028333,-303.000000,-0.044667,-1121.000000
648,79.333333,0.000000,78.666667,0.000000,0.039333,192.000000,79.333333,0.000000,84.666667,0.000000,-0.012000,-539.000000,-0.051333,-731.000000
649,72.533333,0.000000,74.400000,0.000000,-0.065000,-5.000000,72.533333,0.000000,74.800000,0.000000,0.000333,-36.000000,0.065333,-31.000000
650,68.800000,0.000000,78.933333,0.000000,-0.014333,943.000000,68.800000,0.000000,76.666667,0.000000,-0.032000,195.000000,-0.017667,-748.000000
651,70.666667,0.000000,77.066667,0.000000,-0.048667,-806.000000,70.666667,0.000000,85.866667,0.000000,-0.111000,-924.000000,-0.062333,-118.000000
652,71.733333,0.000000,74.666667,0.000000,0.010667,995.000000,71.733333,0.000000,72.666667,0.000000,-0.003000,-2.000000,-0.013667,-997.000000
653,81.200000,0.000000,62.133333,0.000000,0.085000,-967.000000,81.200000,0.000000,76.800000,0.000000,0.002667,-931.000000,-0.082333,36.000000
654,82.666667,0.000000,74.400000,0.000000,0.057000,298.000000,82.666667,0.000000,62.266667,0.000000,0.030000,-991.000000,-0.027000,-1289.000000
655,78.533333,0.000000,80.666667,0.000000,-0.069667,-977.000000,78.533333,0.000000,80.666667,0.000000,-0.043667,-993.000000,0.026000,-16.000000
656,81.466667,0.000000,66.000000,0.000000,0.061333,1027.000000,81.466667,0.000000,79.600000,0.000000,-0.036333,-42.000000,-0.097667,-1069.000000
657,72.266667,0.000000,80.533333,0.533333,-0.048333,31.000000,72.266667,0.000000,78.266667,0.000000,-0.022000,1037.000000,0.026333,1006.000000
658,68.933333,0.000000,71.066667,0.000000,-0.018000,130.000000,68.933333,0.000000,78.133333,0.000000,-0.085000,-1041.000000,-0.067000,-1171.000000
659,74.000000,0.000000,77.600000,0.000000,-0.016000,91.000000,74.000000,0.000000,85.200000,0.000000,-0.090667,-813.000000,-0.074667,-904.000000
660,73.200000,0.000000,82.933333,0.000000,-0.047333,-62.000000,73.200000,0.000000,68.266667,0.000000,-0.050000,-1156.000000,-0.002667,-1094.000000
661,85.600000,0.000000,77.066667,0.000000,0.140333,659.000000,85.600000,0.000000,85.333333,0.000000,-0.017333,-507.000000,-0.157667,-1166.000000
662,77.733333,1.066667,72.000000,0.000000,0.088333,32.000000,77.733333,1.066667,77.733333,0.933333,0.018000,-123.000000,-0.070333,-155.000000
663,77.600000,0.000000,72.133333,0.000000,0.063667,141.000000,77.600000,0.000000,76.666667,0.000000,0.043000,197.000000,-0.020667,56.000000
664,73.066667,0.000000,71.333333,0.000000,0.020333,-195.000000,73.066667,0.000000,71.333333,0.000000,-0.044000,-1424.000000,-0.064333,-1229.000000
665,75.866667,0.000000,77.066667,0.000000,0.037667,1037.000000,75.866667,0.000000,73.733333,0.000000,-0.002667,174.000000,-0.040333,-863.000000
666,77.866667,0.000000,73.733333,0.000000,0.099333,1150.000000,77.866667,0.000000,69.200000,0.000000,0.018000,-202.000000,-0.081333,-1352.000000
667,81.200000,0.000000,77.466667,0.000000,0.044000,84.000000,81.200000,0.000000,80.133333,0.000000,-0.000667,209.000000,-0.044667,125.000000
668,62.000000,0.000000,62.666667,0.266667,-0.055667,-225.000000,62.000000,0.000000,64.800000,0.000000,-0.058333,-1218.000000,-0.002667,-993.000000
669,76.400000,0.000000,83.333333,0.000000,0.002000,921.000000,76.400000,0.000000,76.400000,0.000000,0.009000,916.000000,0.007000,-5.000000
670,84.666667,0.000000,71.466667,0.000000,0.112667,83.000000,84.666667,0.000000,80.666667,0.000000,0.047333,98.000000,-0.065333,15.000000
671,78.933333,0.000000,74.800000,0.000000,0.102667,969.000000,78.933333,0.000000,80.266667,0.000000,0.032000,-46.000000,-0.070667,-1015.000000
672,75.066667,0.000000,72.800000,0.000000,-0.010000,-140.000000,75.066667,0.000000,80.933333,0.000000,-0.092667,-5.000000,-0.082667,135.000000
673,78.266667,0.000000,74.666667,0.400000,0.028333,1160.000000,78.266667,0.000000,79.200000,0.000000,-0.022000,57.000000,-0.050333,-1103.000000
674,81.600000,0.000000,78.666667,0.000000,0.029000,-175.000000,81.600000,0.000000,73.200000,0.000000,0.054667,36.000000,0.025667,211.000000
675,76.933333,0.533333,78.133333,0.000000,0.023000,361.000000,76.933333,0.533333,75.466667,1.466667,-0.055000,225.000000,-0.078000,-136.000000
676,78.666667,0.000000,85.600000,0.000000,-0.096333,-1006.000000,78.666667,0.000000,73.600000,0.000000,-0.008000,-772.000000,0.088333,234.000000
677,76.000000,0.000000,69.733333,0.000000,0.050667,337.000000,76.000000,0.000000,76.933333,0.000000,-0.010000,323.000000,-0.060667,-14.000000
678,78.266667,0.000000,78.266667,0.000000,0.049667,872.000000,78.266667,0.000000,75.733333,0.000000,-0.017333,-176.000000,-0.067000,-1048.000000
679,68.666667,0.000000,76.800000,0.000000,-0.070000,-3.000000,68.666667,0.000000,76.800000,0.000000,-0.046000,142.000000,0.024000,145.000000
680,75.200000,0.000000,80.666667,0.000000,0.019333,130.000000,75.200000,0.000000,71.600000,0.000000,0.027667,1050.000000,0.008333,920.000000
681,87.466667,0.000000,79.200000,0.133333,0.030000,-1010.000000,87.466667,0.000000,79.466667,0.000000,0.048000,-166.000000,0.018000,844.000000
682,72.933333,0.000000,74.000000,0.000000,0.045667,885.000000,72.933333,0.000000,77.600000,0.000000,0.012667,809.000000,-0.033000,-76.000000
683,73.333333,0.000000,71.866667,0.000000,-0.014000,-280.000000,73.333333,0.000000,74.133333,0.000000,0.019667,-121.000000,0.033667,159.000000
684,65.733333,0.000000,77.066667,0.000000,-0.011333,1006.000000,65.733333,0.000000,75.200000,0.000000,-0.013333,44.000000,-0.002000,-962.000000
685,82.400000,0.000000,69.733333,0.000000,0.194333,1285.000000,82.400000,0.000000,83.200000,0.000000,0.023333,134.000000,-0.171000,-1151.000000
686,73.200000,0.400000,76.133333,0.000000,0.073333,630.000000,73.200000,0.400000,81.466667,0.000000,0.077667,1192.000000,0.004333,562.000000
687,77.866667,0.000000,73.466667,0.000000,0.069667,346.000000,77.866667,0.000000,79.866667,0.000000,0.010000,-2.000000,-0.059667,-348.000000
688,71.466667,0.000000,81.333333,0.000000,-0.087667,-923.000000,71.466667,0.000000,80.800000,0.000000,-0.074667,-918.000000,0.013000,5.000000
689,75.866667,0.000000,75.866667,0.000000,-0.038000,-1026.000000,75.866667,0.000000,74.800000,0.000000,-0.038667,-171.000000,-0.000667,855.000000
690,73.333333,0.000000,75.600000,0.000000,0.025667,17.000000,73.333333,0.000000,62.400000,0.000000,0.022667,13.000000,-0.003000,-4.000000
691,78.000000,0.000000,75.200000,0.000000,0.046667,-51.000000,78.000000,0.000000,69.733333,0.000000,0.075333,-64.000000,0.028667,-13.000000
692,79.200000,0.000000,73.066667,0.000000,0.024000,-561.000000,79.200000,0.000000,70.800000,0.000000,0.007000,-714.000000,-0.017000,-153.000000
693,81.333333,0.000000,83.200000,0.000000,0.012333,-4.000000,81.333333,0.000000,77.200000,0.000000,0.059000,54.000000,0.046667,58.000000
694,74.933333,0.000000,73.733333,0.000000,-0.052667,-70.000000,74.933333,0.000000,84.533333,0.000000,-0.114000,-885.000000,-0.061333,-815.000000
695,74.000000,0.000000,71.733333,0.933333,0.026667,1000.000000,74.000000,0.000000,76.533333,0.000000,0.021000,921.000000,-0.005667,-79.000000
696,71.200000,0.000000,77.333333,0.000000,0.044333,992.000000,71.200000,0.000000,74.000000,0.000000,0.077000,1003.000000,0.032667,11.000000
697,73.333333,0.000000,70.666667,0.000000,0.024333,184.000000,73.333333,0.000000,68.400000,0.000000,0.063667,1028.000000,0.039333,844.000000
698,74.800000,0.000000,72.133333,0.000000,-0.050667,-167.000000,74.800000,0.000000,87.600000,0.000000,-0.098667,-153.000000,-0.048000,14.000000
699,68.533333,0.000000,76.400000,0.000000,-0.027333,112.000000,68.533333,0.000000,71.733333,0.000000,-0.014667,-67.000000,0.012667,-179.000000
700,76.133333,0.000000,83.466667,0.000000,-0.018000,197.000000,76.133333,0.000000,67.733333,0.000000,0.052667,116.000000,0.070667,-81.000000
701,84.800000,0.000000,73.600000,0.000000,0.146000,210.000000,84.800000,0.000000,79.200000,0.000000,0.041667,-4.000000,-0.104333,-214.000000
702,69.733333,0.000000,75.866667,0.000000,-0.091667,-124.000000,69.733333,0.000000,72.266667,0.000000,-0.130000,-1267.000000,-0.038333,-1143.000000
703,79.066667,0.000000,73.066667,0.000000,0.068667,1071.000000,79.066667,0.000000,73.600000,0.000000,0.014333,-38.000000,-0.054333,-1109.000000
704,82.266667,0.000000,66.933333,0.400000,0.061000,-424.000000,82.266667,0.000000,41.733333,0.000000,0.107667,112.000000,0.046667,536.000000
705,78.400000,0.000000,62.400000,0.000000,0.136667,913.000000,78.400000,0.000000,64.666667,0.000000,0.078667,-223.000000,-0.058000,-1136.000000
706,69.200000,0.000000,73.466667,0.000000,-0.109333,-1092.000000,69.200000,0.000000,81.600000,0.000000,-0.063333,32.000000,0.046000,1124.000000
707,81.466667,0.000000,82.800000,0.000000,0.037333,81.000000,81.466667,0.000000,76.666667,0.133333,0.084000,974.000000,0.046667,893.000000
708,73.866667,0.000000,74.000000,0.000000,-0.002667,-776.000000,73.866667,0.000000,81.200000,0.000000,-0.040667,-1007.000000,-0.038000,-231.000000
709,79.200000,0.000000,67.600000,0.000000,0.037667,117.000000,79.200000,0.000000,74.000000,0.000000,0.037333,-882.000000,-0.000333,-999.000000
710,77.200000,0.000000,70.666667,0.000000,0.114667,1107.000000,77.200000,0.000000,73.466667,0.000000,0.009667,19.000000,-0.105000,-1088.000000
711,80.133333,0.000000,81.333333,0.533333,0.074667,179.000000,80.133333,0.000000,78.933333,0.000000,0.095000,42.000000,0.020333,-137.000000
712,68.266667,0.000000,80.533333,0.266667,-0.061333,796.000000,68.266667,0.000000,74.800000,0.000000,-0.002667,-30.000000,0.058667,-826.000000
713,76.266667,0.000000,76.400000,0.000000,-0.112000,-1009.000000,76.266667,0.000000,80.800000,0.000000,-0.072333,-1154.000000,0.039667,-145.000000
714,84.533333,0.000000,65.200000,0.000000,0.146000,1008.000000,84.533333,0.000000,75.466667,0.000000,0.102333,864.000000,-0.043667,-144.000000
715,75.466667,0.000000,67.466667,0.000000,0.070000,-974.000000,75.466667,0.000000,81.066667,0.000000,-0.053667,-997.000000,-0.123667,-23.000000
716,83.733333,0.000000,73.066667,0.000000,0.053333,32.000000,83.733333,0.000000,71.866667,0.000000,0.085000,1140.000000,0.031667,1108.000000
717,76.800000,0.000000,72.666667,0.000000,0.008333,-113.000000,76.800000,0.000000,70.800000,0.000000,0.044333,826.000000,0.036000,939.000000
718,73.733333,0.000000,76.666667,0.133333,-0.056667,-1382.000000,73.733333,0.000000,72.800000,0.000000,-0.038333,-1155.000000,0.018333,227.000000
719,69.333333,0.000000,73.600000,0.000000,0.002000,68.000000,69.333333,0.000000,85.066667,0.000000,-0.131000,-162.000000,-0.133000,-230.000000
720,76.800000,0.000000,81.600000,0.000000,-0.008000,-293.000000,76.800000,0.000000,75.733333,0.000000,-0.038000,-107.000000,-0.030000,186.000000
721,80.800000,0.000000,71.866667,0.000000,0.090333,1117.000000,80.800000,0.000000,76.266667,0.933333,0.012333,-184.000000,-0.078000,-1301.000000
722,78.933333,0.000000,72.533333,0.000000,0.067333,-164.000000,78.933333,0.000000,72.666667,0.000000,0.043667,-142.000000,-0.023667,22.000000
723,81.333333,0.000000,68.133333,0.000000,0.085667,64.000000,81.333333,0.000000,71.333333,0.000000,0.052667,765.000000,-0.033000,701.000000
724,80.266667,0.000000,70.533333,0.000000,0.098667,102.000000,80.266667,0.000000,73.733333,0.000000,0.042000,-1110.000000,-0.056667,-1212.000000
725,73.600000,0.000000,74.133333,0.000000,-0.020000,-37.000000,73.600000,0.000000,77.733333,0.133333,-0.013000,-2.000000,0.007000,35.000000
726,80.266667,0.000000,73.066667,0.000000,0.032667,-107.000000,80.266667,0.000000,70.800000,0.000000,-0.001333,-148.000000,-0.034000,-41.000000
727,80.400000,0.000000,69.200000,0.000000,-0.008000,-1123.000000,80.400000,0.000000,82.800000,0.000000,-0.050333,-1108.000000,-0.042333,15.000000
728,73.200000,0.000000,74.666667,0.000000,0.031333,189.000000,73.200000,0.000000,74.266667,0.000000,-0.003333,128.000000,-0.034667,-61.000000
729,74.533333,0.000000,74.266667,0.000000,0.070000,203.000000,74.533333,0.000000,65.866667,0.000000,0.066667,-774.000000,-0.003333,-977.000000
730,80.266667,0.000000,78.000000,0.000000,0.057333,1067.000000,80.266667,0.000000,71.600000,0.000000,0.025667,149.000000,-0.031667,-918.000000
731,66.933333,0.000000,74.400000,0.000000,-0.000667,-33.000000,66.933333,0.000000,74.266667,0.000000,-0.022333,-100.000000,-0.021667,-67.000000
732,75.600000,0.000000,78.400000,0.000000,0.063333,1026.000000,75.600000,0.000000,73.866667,0.000000,-0.001333,1.000000,-0.064667,-1025.000000
733,74.933333,0.000000,73.600000,0.000000,0.008000,164.000000,74.933333,0.000000,63.733333,0.000000,0.051333,331.000000,0.043333,167.000000
734,74.933333,0.000000,75.466667,0.000000,-0.006000,-91.000000,74.933333,0.000000,82.666667,0.000000,-0.194000,-1370.000000,-0.188000,-1279.000000
735,81.866667,0.000000,73.066667,0.000000,0.169667,1218.000000,81.866667,0.000000,78.666667,0.000000,0.014667,213.000000,-0.155000,-1005.000000
736,83.733333,0.000000,84.266667,0.000000,0.009000,301.000000,83.733333,0.000000,74.266667,0.000000,0.030000,125.000000,0.021000,-176.000000
737,87.333333,0.000000,70.133333,0.000000,0.158667,67.000000,87.333333,0.000000,76.400000,0.000000,0.120000,73.000000,-0.038667,6.000000
738,77.466667,0.000000,76.933333,1.200000,0.041000,926.000000,77.466667,0.000000,77.466667,0.000000,-0.024667,-208.000000,-0.065667,-1134.000000
739,74.800000,0.000000,65.866667,0.000000,0.070333,926.000000,74.800000,0.000000,75.200000,0.000000,-0.011667,882.000000,-0.082000,-44.000000
740,80.533333,1.866667,66.266667,0.000000,0.078667,16.000000,80.533333,1.866667,71.600000,0.000000,0.022667,-6.000000,-0.056000,-22.000000
741,75.200000,0.000000,75.733333,0.000000,0.031667,130.000000,75.200000,0.000000,64.933333,0.000000,0.093000,185.000000,0.061333,55.000000
742,77.066667,0.000000,73.200000,0.000000,-0.023333,-61.000000,77.066667,0.000000,79.066667,0.000000,-0.077667,-155.000000,-0.054333,-94.000000
743,79.466667,0.000000,71.600000,0.000000,0.019333,-60.000000,79.466667,0.000000,77.466667,0.000000,0.027667,97.000000,0.008333,157.000000
744,74.533333,0.000000,68.000000,0.000000,0.027667,-64.000000,74.533333,0.000000,77.600000,0.000000,-0.017333,-58.000000,-0.045000,6.000000
745,74.133333,0.000000,83.866667,0.000000,-0.026333,7.000000,74.133333,0.000000,73.333333,0.000000,-0.040667,-262.000000,-0.014333,-269.000000
746,73.733333,0.000000,73.200000,0.000000,0.043333,217.000000,73.733333,0.000000,73.733333,0.000000,0.034333,-46.000000,-0.009000,-263.000000
747,73.466667,0.000000,80.133333,0.000000,-0.056667,-307.000000,73.466667,0.000000,74.000000,0.000000,0.048333,40.000000,0.105000,347.000000
748,84.133333,0.000000,70.133333,0.133333,0.058000,-175.000000,84.133333,0.000000,82.933333,0.000000,-0.009000,-120.000000,-0.067000,55.000000
749,73.866667,0.000000,72.133333,0.000000,0.053667,-102.000000,73.866667,0.000000,76.000000,0.000000,-0.028000,-145.000000,-0.081667,-43.000000
750,80.800000,0.000000,73.866667,0.000000,0.000667,-24.000000,80.800000,0.000000,73.200000,0.000000,0.018667,-51.000000,0.018000,-27.000000
751,77.066667,0.000000,83.733333,0.000000,0.004333,65.000000,77.066667,0.000000,78.533333,0.000000,0.030000,362.000000,0.025667,297.000000
752,82.133333,0.133333,74.266667,0.000000,0.084333,224.000000,82.133333,0.133333,80.666667,0.000000,0.000333,-22.000000,-0.084000,-246.000000
753,79.066667,0.000000,83.600000,0.000000,-0.007000,25.000000,79.066667,0.000000,70.133333,0.000000,0.012667,871.000000,0.019667,846.000000
754,78.133333,0.000000,81.200000,0.000000,-0.016000,-63.000000,78.133333,0.000000,80.666667,0.000000,-0.038667,-164.000000,-0.022667,-101.000000
755,62.933333,0.000000,77.866667,0.000000,-0.003333,93.000000,62.933333,0.000000,82.666667,0.000000,-0.115000,-858.000000,-0.111667,-951.000000
756,82.133333,0.000000,74.400000,0.000000,-0.001333,-147.000000,82.133333,0.000000,78.666667,0.000000,-0.041333,-188.000000,-0.040000,-41.000000
757,67.333333,0.000000,73.866667,0.000000,-0.043333,-1200.000000,67.333333,0.000000,76.133333,0.000000,-0.121333,-1241.000000,-0.078000,-41.000000
758,77.066667,0.000000,71.600000,0.000000,0.049667,-873.000000,77.066667,0.000000,76.133333,0.000000,-0.002667,-981.000000,-0.052333,-108.000000
759,75.466667,0.000000,69.333333,0.000000,0.002333,-309.000000,75.466667,0.000000,80.533333,0.000000,0.008667,968.000000,0.006333,1277.000000
760,74.533333,0.000000,76.400000,0.000000,-0.017000,735.000000,74.533333,0.000000,81.200000,0.000000,-0.068667,-94.000000,-0.051667,-829.000000
761,68.933333,0.000000,65.733333,0.000000,-0.000333,-958.000000,68.933333,0.000000,80.000000,0.000000,-0.073667,-739.000000,-0.073333,219.000000
762,77.466667,0.000000,69.600000,0.000000,-0.002000,-131.000000,77.466667,0.000000,72.800000,0.000000,0.048667,148.000000,0.050667,279.000000
763,81.066667,0.133333,82.000000,0.000000,0.002000,995.000000,81.066667,0.133333,64.000000,0.000000,0.065333,128.000000,0.063333,-867.000000
764,75.866667,0.000000,62.666667,0.000000,0.168667,1244.000000,75.866667,0.000000,67.333333,0.000000,0.027000,6.000000,-0.141667,-1238.000000
765,80.533333,0.000000,71.600000,0.000000,0.073000,1018.000000,80.533333,0.000000,76.266667,0.000000,0.003333,553.000000,-0.069667,-465.000000
766,72.533333,0.000000,75.866667,0.000000,-0.013667,1054.000000,72.533333,0.000000,80.533333,0.000000,-0.070667,-15.000000,-0.057000,-1069.000000
767,81.866667,0.000000,77.200000,0.000000,0.061000,-85.000000,81.866667,0.000000,63.866667,0.000000,0.033333,-44.000000,-0.027667,41.000000
768,84.666667,3.066667,75.866667,0.000000,0.048667,-975.000000,84.666667,3.066667,73.733333,0.000000,0.007000,-845.000000,-0.041667,130.000000
