rate,width,wiring,seed,auc_foods,auc_success,episodes_to_30pct_success,episodes_to_90pct_foods_plateau,primary_censored
1e-4,pooled,wt,1,16.382333,0.268000,1609.000000,1330.000000,0
1e-4,pooled,wt,2,13.420667,0.058333,3000.000000,1739.000000,1
1e-4,pooled,wt,3,13.466667,0.079000,3000.000000,1654.000000,1
1e-4,pooled,wt,4,14.815000,0.114667,3000.000000,945.000000,1
1e-4,pooled,wt,5,17.300333,0.470000,972.000000,976.000000,0
1e-4,pooled,wt,6,13.089000,0.075000,3000.000000,1026.000000,1
1e-4,pooled,wt,7,11.273333,0.056000,3000.000000,1711.000000,1
1e-4,pooled,wt,8,14.669333,0.144333,3000.000000,852.000000,1
1e-4,pooled,wt,9,14.282000,0.094333,3000.000000,1455.000000,1
1e-4,pooled,wt,10,13.627333,0.128000,2618.000000,1756.000000,0
1e-4,pooled,wt,11,15.788667,0.252667,1543.000000,1029.000000,0
1e-4,pooled,wt,12,14.409333,0.125000,3000.000000,513.000000,1
1e-4,pooled,wt,13,8.127000,0.008667,3000.000000,1849.000000,1
1e-4,pooled,wt,14,10.111333,0.005333,3000.000000,1584.000000,1
1e-4,pooled,wt,15,12.767667,0.223667,1914.000000,1725.000000,0
1e-4,pooled,wt,16,9.177333,0.011000,3000.000000,2291.000000,1
1e-4,pooled,wt,17,9.653000,0.026667,3000.000000,2331.000000,1
1e-4,pooled,wt,18,10.962000,0.012667,3000.000000,2090.000000,1
1e-4,pooled,wt,19,6.494333,0.000000,3000.000000,2382.000000,1
1e-4,pooled,wt,20,14.031000,0.085667,3000.000000,1358.000000,1
1e-4,pooled,wt,21,9.593333,0.014000,3000.000000,2209.000000,1
1e-4,pooled,wt,22,14.543000,0.122000,3000.000000,591.000000,1
1e-4,pooled,wt,23,3.293333,0.000000,3000.000000,2464.000000,1
1e-4,pooled,wt,24,17.865000,0.517000,465.000000,445.000000,0
1e-4,pooled,wt,25,13.006667,0.089333,3000.000000,1.000000,1
1e-4,pooled,wt,26,12.811667,0.079000,3000.000000,982.000000,1
1e-4,pooled,wt,27,14.038667,0.119000,3000.000000,956.000000,1
1e-4,pooled,wt,28,13.067333,0.125333,2737.000000,1501.000000,0
1e-4,pooled,wt,29,14.631667,0.250667,1809.000000,1526.000000,0
1e-4,pooled,wt,30,16.099000,0.297000,1512.000000,1052.000000,0
1e-4,pooled,wt,31,12.073000,0.053667,3000.000000,849.000000,1
1e-4,pooled,wt,32,9.809333,0.031667,3000.000000,1823.000000,1
1e-4,pooled,wt,33,10.682000,0.013000,3000.000000,1853.000000,1
1e-4,pooled,wt,34,9.198667,0.019667,3000.000000,1865.000000,1
1e-4,pooled,wt,35,15.251000,0.226333,1993.000000,1265.000000,0
1e-4,pooled,wt,36,13.043000,0.130000,2631.000000,1844.000000,0
1e-4,pooled,wt,37,14.786000,0.147000,2642.000000,1418.000000,0
1e-4,pooled,wt,38,14.923667,0.286333,1520.000000,1382.000000,0
1e-4,pooled,wt,39,2.561667,0.000000,3000.000000,2.000000,1
1e-4,pooled,wt,40,8.129333,0.002667,3000.000000,2003.000000,1
1e-4,pooled,wt,41,15.263000,0.156000,2355.000000,1389.000000,0
1e-4,pooled,wt,42,15.765333,0.322333,1335.000000,1312.000000,0
1e-4,pooled,wt,43,11.298333,0.019333,3000.000000,1685.000000,1
1e-4,pooled,wt,44,8.715000,0.024333,3000.000000,1791.000000,1
1e-4,pooled,wt,45,11.721000,0.033333,3000.000000,2034.000000,1
1e-4,pooled,wt,46,14.887667,0.134333,2930.000000,940.000000,0
1e-4,pooled,wt,47,14.200667,0.162667,2586.000000,1586.000000,0
1e-4,pooled,wt,48,10.062000,0.064333,3000.000000,2312.000000,1
1e-4,pooled,wt,49,15.818000,0.182333,1964.000000,1045.000000,0
1e-4,pooled,wt,50,3.160667,0.000000,3000.000000,28.000000,1
1e-4,pooled,wt,51,16.314667,0.243333,1697.000000,1202.000000,0
1e-4,pooled,wt,52,8.206333,0.005000,3000.000000,2244.000000,1
1e-4,pooled,wt,53,12.579333,0.126333,2538.000000,1752.000000,0
1e-4,pooled,wt,54,14.105667,0.086667,3000.000000,1062.000000,1
1e-4,pooled,wt,55,13.594000,0.161667,2327.000000,1850.000000,0
1e-4,pooled,wt,56,12.148000,0.041333,3000.000000,1118.000000,1
1e-4,pooled,wt,57,13.450667,0.080000,3000.000000,1214.000000,1
1e-4,pooled,wt,58,10.625000,0.008000,3000.000000,1868.000000,1
1e-4,pooled,wt,59,14.625667,0.149333,2134.000000,1368.000000,0
1e-4,pooled,wt,60,11.496667,0.018333,3000.000000,1196.000000,1
1e-4,pooled,wt,61,15.331667,0.251000,1596.000000,1150.000000,0
1e-4,pooled,wt,62,13.137667,0.092333,2965.000000,1529.000000,0
1e-4,pooled,wt,63,15.967667,0.297667,1496.000000,1315.000000,0
1e-4,pooled,wt,64,7.692333,0.000667,3000.000000,1940.000000,1
1e-4,pooled,wt,65,16.846333,0.436667,904.000000,865.000000,0
1e-4,pooled,wt,66,12.698000,0.127333,2258.000000,1647.000000,0
1e-4,pooled,wt,67,3.779000,0.000000,3000.000000,58.000000,1
1e-4,pooled,wt,68,14.187333,0.137333,3000.000000,1209.000000,1
1e-4,pooled,wt,69,14.660000,0.146333,2576.000000,1608.000000,0
1e-4,pooled,wt,70,12.249667,0.038667,3000.000000,1.000000,1
1e-4,pooled,wt,71,10.353667,0.010667,3000.000000,2076.000000,1
1e-4,pooled,wt,72,12.252667,0.042000,3000.000000,1176.000000,1
1e-4,pooled,wt,73,13.184667,0.037333,3000.000000,1328.000000,1
1e-4,pooled,wt,74,13.252333,0.061000,3000.000000,1324.000000,1
1e-4,pooled,wt,75,7.762333,0.000667,3000.000000,1206.000000,1
1e-4,pooled,wt,76,14.786333,0.116000,2.000000,2.000000,0
1e-4,pooled,wt,77,5.167000,0.003000,3000.000000,1894.000000,1
1e-4,pooled,wt,78,13.593667,0.161000,2421.000000,1757.000000,0
1e-4,pooled,wt,79,14.946333,0.215333,1951.000000,1477.000000,0
1e-4,pooled,wt,80,11.092333,0.023000,3000.000000,1870.000000,1
1e-4,pooled,wt,81,9.775000,0.007333,3000.000000,1840.000000,1
1e-4,pooled,wt,82,4.581000,0.000000,3000.000000,186.000000,1
1e-4,pooled,wt,83,11.596667,0.027000,3000.000000,1848.000000,1
1e-4,pooled,wt,84,15.330667,0.186333,2182.000000,602.000000,0
1e-4,pooled,wt,85,17.256333,0.391333,446.000000,299.000000,0
1e-4,pooled,wt,86,15.620333,0.439000,1021.000000,1286.000000,0
1e-4,pooled,wt,87,11.791333,0.104333,2886.000000,1926.000000,0
1e-4,pooled,wt,88,14.566667,0.261333,1488.000000,1102.000000,0
1e-4,pooled,wt,89,2.354667,0.000000,3000.000000,1805.000000,1
1e-4,pooled,wt,90,14.625667,0.295333,1362.000000,1359.000000,0
1e-4,pooled,wt,91,3.063333,0.000000,3000.000000,2547.000000,1
1e-4,pooled,wt,92,10.934667,0.045333,3000.000000,1853.000000,1
1e-4,pooled,wt,93,7.025333,0.001667,3000.000000,1925.000000,1
1e-4,pooled,wt,94,13.942333,0.091000,3000.000000,1356.000000,1
1e-4,pooled,wt,95,15.125667,0.255333,1505.000000,1296.000000,0
1e-4,pooled,wt,96,12.985000,0.081667,3000.000000,1367.000000,1
1e-4,pooled,rn,1,17.567000,0.545000,735.000000,851.000000,0
1e-4,pooled,rn,2,16.614333,0.308000,1413.000000,1056.000000,0
1e-4,pooled,rn,3,14.450667,0.132667,2732.000000,1719.000000,0
1e-4,pooled,rn,4,15.144667,0.201667,2202.000000,1408.000000,0
1e-4,pooled,rn,5,11.549000,0.017000,3000.000000,1672.000000,1
1e-4,pooled,rn,6,13.728667,0.107667,3000.000000,1002.000000,1
1e-4,pooled,rn,7,15.201667,0.155333,2317.000000,1408.000000,0
1e-4,pooled,rn,8,9.007333,0.004000,3000.000000,801.000000,1
1e-4,pooled,rn,9,12.593667,0.043333,3000.000000,1635.000000,1
1e-4,pooled,rn,10,14.584333,0.178000,2120.000000,1344.000000,0
1e-4,pooled,rn,11,8.809000,0.020333,3000.000000,1082.000000,1
1e-4,pooled,rn,12,14.287667,0.080333,3000.000000,999.000000,1
1e-4,pooled,rn,13,7.594667,0.036667,3000.000000,2043.000000,1
1e-4,pooled,rn,14,16.933333,0.377667,1134.000000,1067.000000,0
1e-4,pooled,rn,15,10.958000,0.061333,3000.000000,1419.000000,1
1e-4,pooled,rn,16,14.687000,0.243333,1946.000000,1830.000000,0
1e-4,pooled,rn,17,11.781000,0.034667,3000.000000,1608.000000,1
1e-4,pooled,rn,18,16.015333,0.237333,1896.000000,872.000000,0
1e-4,pooled,rn,19,14.092667,0.164667,2274.000000,1430.000000,0
1e-4,pooled,rn,20,11.518333,0.006333,3000.000000,1392.000000,1
1e-4,pooled,rn,21,3.964000,0.000000,3000.000000,1.000000,1
1e-4,pooled,rn,22,15.903000,0.400667,818.000000,780.000000,0
1e-4,pooled,rn,23,10.585000,0.052333,3000.000000,1969.000000,1
1e-4,pooled,rn,24,16.282000,0.450000,1294.000000,1443.000000,0
1e-4,pooled,rn,25,15.284333,0.369333,1256.000000,1266.000000,0
1e-4,pooled,rn,26,15.427333,0.183333,2595.000000,918.000000,0
1e-4,pooled,rn,27,16.080000,0.440667,1243.000000,1267.000000,0
1e-4,pooled,rn,28,14.006000,0.085667,3000.000000,1344.000000,1
1e-4,pooled,rn,29,12.817667,0.069000,2871.000000,2049.000000,0
1e-4,pooled,rn,30,14.833333,0.310333,1389.000000,1447.000000,0
1e-4,pooled,rn,31,12.444333,0.050000,3000.000000,1692.000000,1
1e-4,pooled,rn,32,14.969000,0.197000,2577.000000,1073.000000,0
1e-4,pooled,rn,33,10.250000,0.062000,3000.000000,1741.000000,1
1e-4,pooled,rn,34,15.031000,0.235333,1769.000000,1393.000000,0
1e-4,pooled,rn,35,11.139000,0.016667,3000.000000,1678.000000,1
1e-4,pooled,rn,36,14.538000,0.297333,1649.000000,1589.000000,0
1e-4,pooled,rn,37,11.768667,0.055333,3000.000000,1704.000000,1
1e-4,pooled,rn,38,14.595000,0.242000,1804.000000,1699.000000,0
1e-4,pooled,rn,39,13.697667,0.202667,2252.000000,1690.000000,0
1e-4,pooled,rn,40,13.407000,0.067667,3000.000000,1287.000000,1
1e-4,pooled,rn,41,12.861667,0.087000,2943.000000,1757.000000,0
1e-4,pooled,rn,42,12.455667,0.044667,3000.000000,1848.000000,1
1e-4,pooled,rn,43,12.354000,0.133333,2577.000000,2031.000000,0
1e-4,pooled,rn,44,4.425333,0.000000,3000.000000,2229.000000,1
1e-4,pooled,rn,45,12.897667,0.116000,2923.000000,1568.000000,0
1e-4,pooled,rn,46,7.228000,0.000000,3000.000000,2080.000000,1
1e-4,pooled,rn,47,13.255667,0.237000,1928.000000,1773.000000,0
1e-4,pooled,rn,48,11.113667,0.034333,3000.000000,947.000000,1
1e-4,pooled,rn,49,13.340667,0.042000,3000.000000,1187.000000,1
1e-4,pooled,rn,50,12.926667,0.037333,3000.000000,1580.000000,1
1e-4,pooled,rn,51,10.080667,0.102667,2400.000000,2284.000000,0
1e-4,pooled,rn,52,12.765667,0.029667,3000.000000,1348.000000,1
1e-4,pooled,rn,53,12.256333,0.052333,3000.000000,1698.000000,1
1e-4,pooled,rn,54,10.069333,0.052333,3000.000000,2226.000000,1
1e-4,pooled,rn,55,11.509000,0.113333,2516.000000,1949.000000,0
1e-4,pooled,rn,56,14.202667,0.170000,2191.000000,1365.000000,0
1e-4,pooled,rn,57,9.914667,0.001667,3000.000000,1568.000000,1
1e-4,pooled,rn,58,15.155000,0.160333,2576.000000,1365.000000,0
1e-4,pooled,rn,59,13.657667,0.128333,2454.000000,1530.000000,0
1e-4,pooled,rn,60,16.354333,0.354333,1184.000000,1187.000000,0
1e-4,pooled,rn,61,15.671333,0.313667,1302.000000,1259.000000,0
1e-4,pooled,rn,62,15.991667,0.227333,2070.000000,463.000000,0
1e-4,pooled,rn,63,13.597333,0.043667,3000.000000,1294.000000,1
1e-4,pooled,rn,64,14.899333,0.399000,1279.000000,1254.000000,0
1e-4,pooled,rn,65,11.927000,0.038333,3000.000000,1770.000000,1
1e-4,pooled,rn,66,11.401000,0.057333,3000.000000,1802.000000,1
1e-4,pooled,rn,67,13.975000,0.092000,3000.000000,1203.000000,1
1e-4,pooled,rn,68,15.094667,0.248333,1747.000000,1331.000000,0
1e-4,pooled,rn,69,7.437000,0.007667,3000.000000,1943.000000,1
1e-4,pooled,rn,70,8.480667,0.045333,3000.000000,2034.000000,1
1e-4,pooled,rn,71,13.059667,0.210333,1857.000000,1442.000000,0
1e-4,pooled,rn,72,8.913000,0.004333,3000.000000,1420.000000,1
1e-4,pooled,rn,73,16.394667,0.303667,1354.000000,783.000000,0
1e-4,pooled,rn,74,14.746000,0.152667,2628.000000,1308.000000,0
1e-4,pooled,rn,75,14.012333,0.349333,1310.000000,1359.000000,0
1e-4,pooled,rn,76,15.500000,0.154667,2774.000000,839.000000,0
1e-4,pooled,rn,77,14.498667,0.212333,1862.000000,1.000000,0
1e-4,pooled,rn,78,17.587667,0.529000,866.000000,990.000000,0
1e-4,pooled,rn,79,11.188333,0.143000,2312.000000,2069.000000,0
1e-4,pooled,rn,80,12.864333,0.112000,2765.000000,1913.000000,0
1e-4,pooled,rn,81,14.709667,0.157333,2657.000000,903.000000,0
1e-4,pooled,rn,82,10.308333,0.037667,3000.000000,1790.000000,1
1e-4,pooled,rn,83,10.592000,0.048333,3000.000000,1667.000000,1
1e-4,pooled,rn,84,8.333333,0.042333,3000.000000,1993.000000,1
1e-4,pooled,rn,85,13.778667,0.107333,2702.000000,1665.000000,0
1e-4,pooled,rn,86,14.971333,0.413333,1373.000000,1498.000000,0
1e-4,pooled,rn,87,15.739333,0.439333,1207.000000,1369.000000,0
1e-4,pooled,rn,88,12.835000,0.185333,2213.000000,1496.000000,0
1e-4,pooled,rn,89,5.748667,0.001000,3000.000000,2461.000000,1
1e-4,pooled,rn,90,13.595667,0.172000,2178.000000,1517.000000,0
1e-4,pooled,rn,91,11.122333,0.015333,3000.000000,946.000000,1
1e-4,pooled,rn,92,13.678000,0.052667,3000.000000,839.000000,1
1e-4,pooled,rn,93,12.965667,0.051667,3000.000000,1655.000000,1
1e-4,pooled,rn,94,13.505667,0.144667,2724.000000,1663.000000,0
1e-4,pooled,rn,95,12.598000,0.052000,3000.000000,1518.000000,1
1e-4,pooled,rn,96,13.318667,0.038000,3000.000000,1482.000000,1
1e-4,wide,wt,1,19.311000,0.857667,169.000000,232.000000,0
1e-4,wide,wt,2,18.864667,0.778667,288.000000,354.000000,0
1e-4,wide,wt,3,18.466000,0.712000,252.000000,298.000000,0
1e-4,wide,wt,4,19.366667,0.858333,201.000000,275.000000,0
1e-4,wide,wt,5,19.258667,0.858333,153.000000,211.000000,0
1e-4,wide,wt,6,18.359667,0.659667,290.000000,383.000000,0
1e-4,wide,wt,7,18.893333,0.708333,280.000000,328.000000,0
1e-4,wide,wt,8,18.863333,0.767667,93.000000,202.000000,0
1e-4,wide,wt,9,19.006000,0.808333,210.000000,428.000000,0
1e-4,wide,wt,10,17.537000,0.645333,336.000000,1123.000000,0
1e-4,wide,wt,11,18.366667,0.627000,450.000000,480.000000,0
1e-4,wide,wt,12,18.990000,0.776000,206.000000,244.000000,0
1e-4,wide,wt,13,18.045000,0.631000,469.000000,430.000000,0
1e-4,wide,wt,14,17.109333,0.429667,968.000000,914.000000,0
1e-4,wide,wt,15,18.542333,0.779333,99.000000,225.000000,0
1e-4,wide,wt,16,19.339333,0.833333,246.000000,303.000000,0
1e-4,wide,wt,17,16.465000,0.425333,799.000000,815.000000,0
1e-4,wide,wt,18,19.074000,0.783667,318.000000,363.000000,0
1e-4,wide,wt,19,17.461000,0.586667,442.000000,483.000000,0
1e-4,wide,wt,20,19.174667,0.843667,176.000000,240.000000,0
1e-4,wide,wt,21,18.026667,0.655667,312.000000,345.000000,0
1e-4,wide,wt,22,18.693333,0.747667,163.000000,216.000000,0
1e-4,wide,wt,23,16.514000,0.514333,419.000000,414.000000,0
1e-4,wide,wt,24,19.661000,0.925667,49.000000,183.000000,0
1e-4,wide,wt,25,18.339667,0.744667,217.000000,219.000000,0
1e-4,wide,wt,26,19.423333,0.891667,166.000000,234.000000,0
1e-4,wide,wt,27,18.121000,0.698667,128.000000,222.000000,0
1e-4,wide,wt,28,19.470333,0.900000,130.000000,225.000000,0
1e-4,wide,wt,29,18.660667,0.762333,281.000000,299.000000,0
1e-4,wide,wt,30,19.253667,0.866667,180.000000,259.000000,0
1e-4,wide,wt,31,18.914667,0.783667,485.000000,573.000000,0
1e-4,wide,wt,32,16.316333,0.512667,562.000000,918.000000,0
1e-4,wide,wt,33,18.017333,0.563000,570.000000,624.000000,0
1e-4,wide,wt,34,17.803333,0.658333,349.000000,541.000000,0
1e-4,wide,wt,35,19.391667,0.890000,142.000000,231.000000,0
1e-4,wide,wt,36,17.829000,0.654667,323.000000,405.000000,0
1e-4,wide,wt,37,18.605333,0.729667,238.000000,280.000000,0
1e-4,wide,wt,38,17.962667,0.705000,159.000000,217.000000,0
1e-4,wide,wt,39,17.345667,0.533000,653.000000,887.000000,0
1e-4,wide,wt,40,15.740667,0.511333,675.000000,840.000000,0
1e-4,wide,wt,41,19.584000,0.909000,80.000000,210.000000,0
1e-4,wide,wt,42,18.816667,0.800667,143.000000,228.000000,0
1e-4,wide,wt,43,19.469667,0.860333,153.000000,227.000000,0
1e-4,wide,wt,44,16.796667,0.513667,373.000000,322.000000,0
1e-4,wide,wt,45,17.390667,0.558333,456.000000,536.000000,0
1e-4,wide,wt,46,19.225000,0.790667,233.000000,294.000000,0
1e-4,wide,wt,47,17.867667,0.669333,236.000000,209.000000,0
1e-4,wide,wt,48,17.497333,0.647333,239.000000,331.000000,0
1e-4,wide,wt,49,19.017667,0.721667,338.000000,416.000000,0
1e-4,wide,wt,50,18.637667,0.635000,396.000000,385.000000,0
1e-4,wide,wt,51,19.112333,0.742000,255.000000,307.000000,0
1e-4,wide,wt,52,17.004667,0.558000,296.000000,309.000000,0
1e-4,wide,wt,53,17.963333,0.647333,298.000000,326.000000,0
1e-4,wide,wt,54,18.636667,0.656000,313.000000,388.000000,0
1e-4,wide,wt,55,17.609000,0.644667,278.000000,256.000000,0
1e-4,wide,wt,56,18.721667,0.739000,343.000000,458.000000,0
1e-4,wide,wt,57,18.582667,0.630333,277.000000,302.000000,0
1e-4,wide,wt,58,18.778333,0.714000,415.000000,456.000000,0
1e-4,wide,wt,59,17.984000,0.671667,270.000000,255.000000,0
1e-4,wide,wt,60,19.117667,0.808333,232.000000,413.000000,0
1e-4,wide,wt,61,18.792333,0.779000,271.000000,460.000000,0
1e-4,wide,wt,62,18.747000,0.756667,294.000000,509.000000,0
1e-4,wide,wt,63,19.232667,0.853000,214.000000,280.000000,0
1e-4,wide,wt,64,17.494333,0.625667,253.000000,253.000000,0
1e-4,wide,wt,65,18.953000,0.790333,186.000000,229.000000,0
1e-4,wide,wt,66,17.496000,0.610000,328.000000,454.000000,0
1e-4,wide,wt,67,17.709000,0.488667,487.000000,519.000000,0
1e-4,wide,wt,68,19.100667,0.792000,160.000000,246.000000,0
1e-4,wide,wt,69,19.505333,0.875000,146.000000,222.000000,0
1e-4,wide,wt,70,17.888333,0.517000,511.000000,514.000000,0
1e-4,wide,wt,71,17.070333,0.538667,450.000000,426.000000,0
1e-4,wide,wt,72,18.134000,0.578333,436.000000,456.000000,0
1e-4,wide,wt,73,18.807667,0.730667,392.000000,469.000000,0
1e-4,wide,wt,74,18.264333,0.748333,441.000000,499.000000,0
1e-4,wide,wt,75,17.000667,0.516000,500.000000,369.000000,0
1e-4,wide,wt,76,18.397000,0.622000,222.000000,269.000000,0
1e-4,wide,wt,77,16.764667,0.540333,390.000000,565.000000,0
1e-4,wide,wt,78,19.108333,0.838000,203.000000,413.000000,0
1e-4,wide,wt,79,19.453667,0.898333,179.000000,246.000000,0
1e-4,wide,wt,80,18.575000,0.742000,345.000000,390.000000,0
1e-4,wide,wt,81,17.992000,0.711000,290.000000,667.000000,0
1e-4,wide,wt,82,16.978667,0.557667,543.000000,576.000000,0
1e-4,wide,wt,83,18.236667,0.547000,433.000000,408.000000,0
1e-4,wide,wt,84,19.302667,0.854000,162.000000,256.000000,0
1e-4,wide,wt,85,19.590000,0.913667,50.000000,200.000000,0
1e-4,wide,wt,86,16.985000,0.627667,218.000000,236.000000,0
1e-4,wide,wt,87,15.913000,0.496000,208.000000,211.000000,0
1e-4,wide,wt,88,18.680667,0.773000,182.000000,312.000000,0
1e-4,wide,wt,89,16.096333,0.523000,310.000000,329.000000,0
1e-4,wide,wt,90,17.794667,0.666333,238.000000,290.000000,0
1e-4,wide,wt,91,17.806333,0.519333,736.000000,744.000000,0
1e-4,wide,wt,92,18.531333,0.619333,435.000000,494.000000,0
1e-4,wide,wt,93,19.090667,0.845667,224.000000,289.000000,0
1e-4,wide,wt,94,18.841333,0.770333,238.000000,311.000000,0
1e-4,wide,wt,95,18.740667,0.776000,226.000000,352.000000,0
1e-4,wide,wt,96,18.561000,0.746333,218.000000,293.000000,0
1e-4,wide,rn,1,19.232333,0.843667,79.000000,178.000000,0
1e-4,wide,rn,2,19.768000,0.953000,62.000000,123.000000,0
1e-4,wide,rn,3,19.549333,0.906333,133.000000,237.000000,0
1e-4,wide,rn,4,19.039333,0.831333,139.000000,220.000000,0
1e-4,wide,rn,5,19.491333,0.920667,76.000000,208.000000,0
1e-4,wide,rn,6,19.189333,0.847667,129.000000,232.000000,0
1e-4,wide,rn,7,19.638333,0.929000,90.000000,203.000000,0
1e-4,wide,rn,8,18.819667,0.792667,278.000000,332.000000,0
1e-4,wide,rn,9,19.199667,0.859667,196.000000,262.000000,0
1e-4,wide,rn,10,18.681000,0.739667,236.000000,387.000000,0
1e-4,wide,rn,11,18.499333,0.661333,321.000000,410.000000,0
1e-4,wide,rn,12,19.595667,0.923667,80.000000,204.000000,0
1e-4,wide,rn,13,16.560333,0.569667,378.000000,501.000000,0
1e-4,wide,rn,14,17.314333,0.681667,75.000000,56.000000,0
1e-4,wide,rn,15,18.044000,0.730000,211.000000,303.000000,0
1e-4,wide,rn,16,19.225667,0.876000,123.000000,224.000000,0
1e-4,wide,rn,17,19.253000,0.868333,102.000000,216.000000,0
1e-4,wide,rn,18,19.507000,0.874333,203.000000,286.000000,0
1e-4,wide,rn,19,17.917333,0.642333,275.000000,443.000000,0
1e-4,wide,rn,20,18.866333,0.813000,189.000000,236.000000,0
1e-4,wide,rn,21,18.676000,0.679667,271.000000,288.000000,0
1e-4,wide,rn,22,18.739000,0.804000,85.000000,206.000000,0
1e-4,wide,rn,23,18.167333,0.721333,392.000000,491.000000,0
1e-4,wide,rn,24,19.379333,0.889667,156.000000,230.000000,0
1e-4,wide,rn,25,19.000333,0.854000,257.000000,340.000000,0
1e-4,wide,rn,26,18.555667,0.782000,60.000000,218.000000,0
1e-4,wide,rn,27,19.361333,0.899667,200.000000,267.000000,0
1e-4,wide,rn,28,18.235000,0.704667,212.000000,238.000000,0
1e-4,wide,rn,29,19.192333,0.812667,221.000000,296.000000,0
1e-4,wide,rn,30,18.070000,0.741000,142.000000,421.000000,0
1e-4,wide,rn,31,18.604000,0.801667,143.000000,265.000000,0
1e-4,wide,rn,32,19.516667,0.883000,172.000000,234.000000,0
1e-4,wide,rn,33,18.108667,0.683667,283.000000,419.000000,0
1e-4,wide,rn,34,17.648667,0.679333,215.000000,323.000000,0
1e-4,wide,rn,35,19.470667,0.885000,123.000000,233.000000,0
1e-4,wide,rn,36,19.085667,0.846000,53.000000,133.000000,0
1e-4,wide,rn,37,18.960000,0.815000,150.000000,235.000000,0
1e-4,wide,rn,38,19.231000,0.857333,146.000000,234.000000,0
1e-4,wide,rn,39,19.391667,0.871333,229.000000,260.000000,0
1e-4,wide,rn,40,18.939333,0.841000,143.000000,253.000000,0
1e-4,wide,rn,41,19.342333,0.865000,213.000000,267.000000,0
1e-4,wide,rn,42,19.373667,0.851333,162.000000,257.000000,0
1e-4,wide,rn,43,19.325000,0.863667,193.000000,233.000000,0
1e-4,wide,rn,44,18.105667,0.680333,265.000000,219.000000,0
1e-4,wide,rn,45,17.843333,0.716333,142.000000,241.000000,0
1e-4,wide,rn,46,17.085000,0.609000,149.000000,102.000000,0
1e-4,wide,rn,47,19.701333,0.938000,66.000000,202.000000,0
1e-4,wide,rn,48,19.291333,0.836667,150.000000,209.000000,0
1e-4,wide,rn,49,18.904000,0.772000,338.000000,407.000000,0
1e-4,wide,rn,50,19.178333,0.785667,257.000000,347.000000,0
1e-4,wide,rn,51,18.641333,0.672333,351.000000,435.000000,0
1e-4,wide,rn,52,18.609667,0.776000,258.000000,355.000000,0
1e-4,wide,rn,53,15.997000,0.498667,471.000000,528.000000,0
1e-4,wide,rn,54,19.580333,0.914000,90.000000,219.000000,0
1e-4,wide,rn,55,19.101667,0.839000,160.000000,219.000000,0
1e-4,wide,rn,56,19.268667,0.849000,96.000000,213.000000,0
1e-4,wide,rn,57,19.398333,0.876000,170.000000,245.000000,0
1e-4,wide,rn,58,19.348000,0.853667,186.000000,259.000000,0
1e-4,wide,rn,59,18.427000,0.762667,218.000000,274.000000,0
1e-4,wide,rn,60,19.363000,0.879333,125.000000,213.000000,0
1e-4,wide,rn,61,19.231667,0.851667,212.000000,249.000000,0
1e-4,wide,rn,62,16.220000,0.546000,45.000000,73.000000,0
1e-4,wide,rn,63,19.625667,0.904000,70.000000,206.000000,0
1e-4,wide,rn,64,18.889000,0.793333,160.000000,238.000000,0
1e-4,wide,rn,65,19.274000,0.861000,88.000000,206.000000,0
1e-4,wide,rn,66,16.766000,0.593667,218.000000,349.000000,0
1e-4,wide,rn,67,18.287333,0.633667,355.000000,357.000000,0
1e-4,wide,rn,68,17.343667,0.655000,95.000000,102.000000,0
1e-4,wide,rn,69,18.415333,0.718000,295.000000,295.000000,0
1e-4,wide,rn,70,18.534333,0.733333,413.000000,447.000000,0
1e-4,wide,rn,71,19.127667,0.854000,130.000000,233.000000,0
1e-4,wide,rn,72,18.515000,0.790333,172.000000,183.000000,0
1e-4,wide,rn,73,18.710667,0.804333,129.000000,154.000000,0
1e-4,wide,rn,74,19.263333,0.832333,103.000000,212.000000,0
1e-4,wide,rn,75,19.016667,0.824000,218.000000,279.000000,0
1e-4,wide,rn,76,19.182667,0.850667,331.000000,412.000000,0
1e-4,wide,rn,77,19.331333,0.863000,140.000000,242.000000,0
1e-4,wide,rn,78,19.672333,0.928667,28.000000,111.000000,0
1e-4,wide,rn,79,19.505000,0.918333,136.000000,220.000000,0
1e-4,wide,rn,80,18.866667,0.822333,279.000000,343.000000,0
1e-4,wide,rn,81,19.154667,0.885667,158.000000,255.000000,0
1e-4,wide,rn,82,18.345000,0.729333,116.000000,206.000000,0
1e-4,wide,rn,83,18.501000,0.755000,246.000000,306.000000,0
1e-4,wide,rn,84,19.286667,0.867000,214.000000,285.000000,0
1e-4,wide,rn,85,19.200333,0.860667,215.000000,299.000000,0
1e-4,wide,rn,86,17.550333,0.730000,215.000000,584.000000,0
1e-4,wide,rn,87,19.223333,0.871000,76.000000,388.000000,0
1e-4,wide,rn,88,18.923333,0.813000,119.000000,167.000000,0
1e-4,wide,rn,89,19.123667,0.835000,149.000000,240.000000,0
1e-4,wide,rn,90,18.763333,0.784667,180.000000,288.000000,0
1e-4,wide,rn,91,18.437667,0.736667,279.000000,313.000000,0
1e-4,wide,rn,92,18.797000,0.652667,273.000000,309.000000,0
1e-4,wide,rn,93,19.215333,0.872000,83.000000,345.000000,0
1e-4,wide,rn,94,19.223333,0.872667,198.000000,267.000000,0
1e-4,wide,rn,95,18.321000,0.726667,235.000000,344.000000,0
1e-4,wide,rn,96,18.625333,0.775667,238.000000,281.000000,0
1e-3,pooled,wt,1,18.926667,0.755000,309.000000,328.000000,0
1e-3,pooled,wt,2,18.089667,0.560000,471.000000,472.000000,0
1e-3,pooled,wt,3,17.886333,0.497333,498.000000,464.000000,0
1e-3,pooled,wt,4,17.848000,0.483333,430.000000,384.000000,0
1e-3,pooled,wt,5,19.169000,0.812667,172.000000,234.000000,0
1e-3,pooled,wt,6,16.791333,0.364333,813.000000,604.000000,0
1e-3,pooled,wt,7,15.957667,0.258000,1218.000000,536.000000,0
1e-3,pooled,wt,8,17.449667,0.457667,372.000000,372.000000,0
1e-3,pooled,wt,9,17.368667,0.386667,634.000000,522.000000,0
1e-3,pooled,wt,10,18.038667,0.638000,357.000000,408.000000,0
1e-3,pooled,wt,11,18.386667,0.600000,360.000000,401.000000,0
1e-3,pooled,wt,12,16.005000,0.238333,1914.000000,206.000000,0
1e-3,pooled,wt,13,11.063333,0.039333,3000.000000,249.000000,1
1e-3,pooled,wt,14,14.228000,0.086000,3000.000000,1084.000000,1
1e-3,pooled,wt,15,17.146667,0.594000,225.000000,281.000000,0
1e-3,pooled,wt,16,17.010000,0.486333,647.000000,591.000000,0
1e-3,pooled,wt,17,16.690333,0.534000,477.000000,749.000000,0
1e-3,pooled,wt,18,15.971667,0.193667,1758.000000,502.000000,0
1e-3,pooled,wt,19,14.312000,0.271333,1386.000000,1386.000000,0
1e-3,pooled,wt,20,17.589667,0.444333,554.000000,550.000000,0
1e-3,pooled,wt,21,16.545333,0.457333,591.000000,816.000000,0
1e-3,pooled,wt,22,15.955667,0.216667,1589.000000,221.000000,0
1e-3,pooled,wt,23,7.935667,0.009000,3000.000000,867.000000,1
1e-3,pooled,wt,24,19.457000,0.847333,202.000000,224.000000,0
1e-3,pooled,wt,25,16.561333,0.452000,528.000000,1.000000,0
1e-3,pooled,wt,26,14.941333,0.158667,3000.000000,245.000000,1
1e-3,pooled,wt,27,16.404000,0.297333,1250.000000,309.000000,0
1e-3,pooled,wt,28,18.129000,0.628333,358.000000,383.000000,0
1e-3,pooled,wt,29,17.850000,0.628667,361.000000,394.000000,0
1e-3,pooled,wt,30,18.906333,0.785333,217.000000,236.000000,0
1e-3,pooled,wt,31,14.263000,0.098667,3000.000000,822.000000,1
1e-3,pooled,wt,32,16.791000,0.479667,582.000000,616.000000,0
1e-3,pooled,wt,33,16.219667,0.272333,1057.000000,802.000000,0
1e-3,pooled,wt,34,14.585333,0.297667,663.000000,575.000000,0
1e-3,pooled,wt,35,19.032333,0.731333,225.000000,268.000000,0
1e-3,pooled,wt,36,17.102333,0.524000,379.000000,504.000000,0
1e-3,pooled,wt,37,18.331000,0.604667,319.000000,359.000000,0
1e-3,pooled,wt,38,18.666000,0.770333,221.000000,286.000000,0
1e-3,pooled,wt,39,4.705667,0.000667,3000.000000,627.000000,1
1e-3,pooled,wt,40,13.553667,0.094667,3000.000000,528.000000,1
1e-3,pooled,wt,41,18.553667,0.654333,387.000000,427.000000,0
1e-3,pooled,wt,42,18.460667,0.693667,243.000000,353.000000,0
1e-3,pooled,wt,43,14.401333,0.112000,3000.000000,428.000000,1
1e-3,pooled,wt,44,17.285000,0.539000,661.000000,844.000000,0
1e-3,pooled,wt,45,16.474000,0.290333,1235.000000,532.000000,0
1e-3,pooled,wt,46,17.454000,0.415667,435.000000,384.000000,0
1e-3,pooled,wt,47,18.294000,0.647333,314.000000,368.000000,0
1e-3,pooled,wt,48,14.762000,0.290333,802.000000,420.000000,0
1e-3,pooled,wt,49,18.145667,0.536333,425.000000,428.000000,0
1e-3,pooled,wt,50,13.667000,0.098667,3000.000000,563.000000,1
1e-3,pooled,wt,51,18.782667,0.639000,396.000000,382.000000,0
1e-3,pooled,wt,52,12.417667,0.130333,3000.000000,529.000000,1
1e-3,pooled,wt,53,16.106333,0.405000,457.000000,388.000000,0
1e-3,pooled,wt,54,16.187333,0.252000,781.000000,447.000000,0
1e-3,pooled,wt,55,16.167333,0.463667,320.000000,290.000000,0
1e-3,pooled,wt,56,15.650000,0.294667,1278.000000,1278.000000,0
1e-3,pooled,wt,57,16.075667,0.244000,1111.000000,390.000000,0
1e-3,pooled,wt,58,16.391000,0.303333,814.000000,567.000000,0
1e-3,pooled,wt,59,17.898000,0.542000,368.000000,327.000000,0
1e-3,pooled,wt,60,14.247000,0.073333,3000.000000,358.000000,1
1e-3,pooled,wt,61,18.237000,0.640333,279.000000,305.000000,0
1e-3,pooled,wt,62,16.710333,0.395667,708.000000,373.000000,0
1e-3,pooled,wt,63,18.556667,0.672667,258.000000,347.000000,0
1e-3,pooled,wt,64,14.992333,0.293000,1035.000000,916.000000,0
1e-3,pooled,wt,65,18.922667,0.773667,160.000000,220.000000,0
1e-3,pooled,wt,66,17.612667,0.577333,383.000000,462.000000,0
1e-3,pooled,wt,67,5.820333,0.000000,3000.000000,2113.000000,1
1e-3,pooled,wt,68,17.254667,0.384000,636.000000,338.000000,0
1e-3,pooled,wt,69,18.800333,0.729000,341.000000,389.000000,0
1e-3,pooled,wt,70,15.317000,0.179000,3000.000000,347.000000,1
1e-3,pooled,wt,71,16.027667,0.230000,1220.000000,711.000000,0
1e-3,pooled,wt,72,17.542333,0.447333,542.000000,477.000000,0
1e-3,pooled,wt,73,16.561333,0.293667,1634.000000,531.000000,0
1e-3,pooled,wt,74,15.778000,0.188000,1999.000000,230.000000,0
1e-3,pooled,wt,75,11.258000,0.034333,3000.000000,790.000000,1
1e-3,pooled,wt,76,16.944000,0.364667,750.000000,2.000000,0
1e-3,pooled,wt,77,14.322333,0.160667,3000.000000,929.000000,1
1e-3,pooled,wt,78,17.370667,0.582333,297.000000,286.000000,0
1e-3,pooled,wt,79,19.031333,0.790667,283.000000,331.000000,0
1e-3,pooled,wt,80,15.578333,0.316333,852.000000,700.000000,0
1e-3,pooled,wt,81,15.780000,0.442667,2.000000,787.000000,0
1e-3,pooled,wt,82,15.938333,0.216667,1352.000000,624.000000,0
1e-3,pooled,wt,83,16.992000,0.340667,644.000000,576.000000,0
1e-3,pooled,wt,84,17.809333,0.493000,432.000000,326.000000,0
1e-3,pooled,wt,85,18.893667,0.701333,201.000000,221.000000,0
1e-3,pooled,wt,86,19.163333,0.833000,182.000000,214.000000,0
1e-3,pooled,wt,87,16.679000,0.521000,643.000000,910.000000,0
1e-3,pooled,wt,88,16.366667,0.476000,220.000000,242.000000,0
1e-3,pooled,wt,89,8.108000,0.011333,3000.000000,1608.000000,1
1e-3,pooled,wt,90,17.716333,0.628000,323.000000,428.000000,0
1e-3,pooled,wt,91,9.982333,0.029000,3000.000000,561.000000,1
1e-3,pooled,wt,92,16.925667,0.460667,920.000000,524.000000,0
1e-3,pooled,wt,93,14.618333,0.248000,952.000000,745.000000,0
1e-3,pooled,wt,94,18.355000,0.630667,524.000000,571.000000,0
1e-3,pooled,wt,95,18.390000,0.671000,218.000000,275.000000,0
1e-3,pooled,wt,96,15.970000,0.307333,777.000000,361.000000,0
1e-3,pooled,rn,1,19.279667,0.835667,109.000000,214.000000,0
1e-3,pooled,rn,2,19.310667,0.827667,229.000000,282.000000,0
1e-3,pooled,rn,3,18.691333,0.645667,249.000000,281.000000,0
1e-3,pooled,rn,4,18.355000,0.563333,302.000000,308.000000,0
1e-3,pooled,rn,5,16.346333,0.301000,1622.000000,584.000000,0
1e-3,pooled,rn,6,16.770000,0.450333,432.000000,419.000000,0
1e-3,pooled,rn,7,18.373667,0.565000,457.000000,467.000000,0
1e-3,pooled,rn,8,14.377000,0.319333,1497.000000,1892.000000,0
1e-3,pooled,rn,9,17.186667,0.367333,819.000000,501.000000,0
1e-3,pooled,rn,10,17.765333,0.532000,270.000000,289.000000,0
1e-3,pooled,rn,11,11.207333,0.065333,3000.000000,284.000000,1
1e-3,pooled,rn,12,17.076333,0.314333,749.000000,462.000000,0
1e-3,pooled,rn,13,14.961333,0.333333,779.000000,692.000000,0
1e-3,pooled,rn,14,19.160667,0.806667,232.000000,332.000000,0
1e-3,pooled,rn,15,14.969333,0.297333,1083.000000,679.000000,0
1e-3,pooled,rn,16,18.730333,0.742333,269.000000,320.000000,0
1e-3,pooled,rn,17,12.789000,0.178000,1568.000000,930.000000,0
1e-3,pooled,rn,18,18.304000,0.587333,392.000000,390.000000,0
1e-3,pooled,rn,19,18.238333,0.618000,250.000000,345.000000,0
1e-3,pooled,rn,20,18.348000,0.718667,401.000000,454.000000,0
1e-3,pooled,rn,21,15.044000,0.267000,1124.000000,1007.000000,0
1e-3,pooled,rn,22,18.746333,0.749000,126.000000,259.000000,0
1e-3,pooled,rn,23,16.529667,0.450667,676.000000,831.000000,0
1e-3,pooled,rn,24,19.463000,0.901667,176.000000,248.000000,0
1e-3,pooled,rn,25,18.762333,0.780000,247.000000,292.000000,0
1e-3,pooled,rn,26,18.581000,0.647000,219.000000,239.000000,0
1e-3,pooled,rn,27,19.000000,0.844667,287.000000,337.000000,0
1e-3,pooled,rn,28,16.601333,0.289000,924.000000,374.000000,0
1e-3,pooled,rn,29,18.282667,0.639333,361.000000,408.000000,0
1e-3,pooled,rn,30,17.963333,0.597000,409.000000,419.000000,0
1e-3,pooled,rn,31,17.621000,0.483333,892.000000,904.000000,0
1e-3,pooled,rn,32,17.429333,0.486333,481.000000,474.000000,0
1e-3,pooled,rn,33,18.304000,0.653333,399.000000,447.000000,0
1e-3,pooled,rn,34,18.254667,0.661667,235.000000,332.000000,0
1e-3,pooled,rn,35,17.181667,0.459333,471.000000,467.000000,0
1e-3,pooled,rn,36,18.761333,0.797667,288.000000,350.000000,0
1e-3,pooled,rn,37,15.228667,0.320333,786.000000,784.000000,0
1e-3,pooled,rn,38,18.530000,0.696333,289.000000,364.000000,0
1e-3,pooled,rn,39,18.549667,0.697000,348.000000,572.000000,0
1e-3,pooled,rn,40,17.457333,0.424667,573.000000,491.000000,0
1e-3,pooled,rn,41,18.513333,0.626333,397.000000,390.000000,0
1e-3,pooled,rn,42,16.982333,0.411000,566.000000,536.000000,0
1e-3,pooled,rn,43,18.515333,0.747333,356.000000,409.000000,0
1e-3,pooled,rn,44,15.943333,0.409333,632.000000,673.000000,0
1e-3,pooled,rn,45,15.819333,0.391000,490.000000,317.000000,0
1e-3,pooled,rn,46,17.756667,0.588000,381.000000,409.000000,0
1e-3,pooled,rn,47,18.599667,0.773333,260.000000,309.000000,0
1e-3,pooled,rn,48,13.959333,0.166667,3000.000000,699.000000,1
1e-3,pooled,rn,49,16.796333,0.309000,1298.000000,564.000000,0
1e-3,pooled,rn,50,17.172667,0.376333,691.000000,561.000000,0
1e-3,pooled,rn,51,14.553667,0.166000,3000.000000,474.000000,1
1e-3,pooled,rn,52,15.463333,0.405333,719.000000,307.000000,0
1e-3,pooled,rn,53,11.278667,0.098333,3000.000000,800.000000,1
1e-3,pooled,rn,54,17.092000,0.443333,427.000000,457.000000,0
1e-3,pooled,rn,55,18.463333,0.686000,375.000000,400.000000,0
1e-3,pooled,rn,56,17.005000,0.492000,316.000000,311.000000,0
1e-3,pooled,rn,57,14.111000,0.124333,3000.000000,893.000000,1
1e-3,pooled,rn,58,18.440333,0.590333,304.000000,310.000000,0
1e-3,pooled,rn,59,17.101667,0.553000,405.000000,380.000000,0
1e-3,pooled,rn,60,18.772333,0.737667,172.000000,237.000000,0
1e-3,pooled,rn,61,18.506667,0.700333,173.000000,217.000000,0
1e-3,pooled,rn,62,17.698667,0.450333,271.000000,242.000000,0
1e-3,pooled,rn,63,16.500667,0.241000,550.000000,364.000000,0
1e-3,pooled,rn,64,18.684000,0.812667,289.000000,351.000000,0
1e-3,pooled,rn,65,15.599000,0.276333,888.000000,602.000000,0
1e-3,pooled,rn,66,14.807667,0.263333,1001.000000,484.000000,0
1e-3,pooled,rn,67,17.246333,0.403000,702.000000,436.000000,0
1e-3,pooled,rn,68,18.002667,0.681667,306.000000,290.000000,0
1e-3,pooled,rn,69,11.817667,0.070333,3000.000000,457.000000,1
1e-3,pooled,rn,70,16.132000,0.480333,528.000000,658.000000,0
1e-3,pooled,rn,71,18.302333,0.688333,310.000000,402.000000,0
1e-3,pooled,rn,72,12.917000,0.086667,3000.000000,885.000000,1
1e-3,pooled,rn,73,18.581667,0.717667,261.000000,447.000000,0
1e-3,pooled,rn,74,17.250667,0.429667,472.000000,537.000000,0
1e-3,pooled,rn,75,17.310333,0.626000,246.000000,292.000000,0
1e-3,pooled,rn,76,18.285333,0.511333,509.000000,466.000000,0
1e-3,pooled,rn,77,16.382333,0.425333,268.000000,350.000000,0
1e-3,pooled,rn,78,19.456667,0.888333,138.000000,235.000000,0
1e-3,pooled,rn,79,18.697000,0.786667,279.000000,342.000000,0
1e-3,pooled,rn,80,17.954333,0.563333,391.000000,396.000000,0
1e-3,pooled,rn,81,17.827000,0.549000,432.000000,481.000000,0
1e-3,pooled,rn,82,16.992333,0.473667,690.000000,592.000000,0
1e-3,pooled,rn,83,14.610333,0.223000,1098.000000,633.000000,0
1e-3,pooled,rn,84,17.355333,0.607667,662.000000,795.000000,0
1e-3,pooled,rn,85,17.602333,0.426667,432.000000,396.000000,0
1e-3,pooled,rn,86,19.170000,0.856333,212.000000,277.000000,0
1e-3,pooled,rn,87,18.976667,0.833667,240.000000,322.000000,0
1e-3,pooled,rn,88,18.591667,0.658000,363.000000,432.000000,0
1e-3,pooled,rn,89,18.780000,0.722333,358.000000,397.000000,0
1e-3,pooled,rn,90,15.871000,0.337667,1072.000000,465.000000,0
1e-3,pooled,rn,91,11.039000,0.044000,3000.000000,693.000000,1
1e-3,pooled,rn,92,16.579667,0.268667,925.000000,408.000000,0
1e-3,pooled,rn,93,16.889000,0.298667,1300.000000,374.000000,0
1e-3,pooled,rn,94,17.001667,0.494333,473.000000,298.000000,0
1e-3,pooled,rn,95,16.651667,0.369667,945.000000,835.000000,0
1e-3,pooled,rn,96,18.788000,0.745667,428.000000,499.000000,0
1e-3,wide,wt,1,18.632000,0.839333,26.000000,38.000000,0
1e-3,wide,wt,2,18.911000,0.863000,32.000000,39.000000,0
1e-3,wide,wt,3,17.604667,0.728333,30.000000,75.000000,0
1e-3,wide,wt,4,16.703000,0.683333,50.000000,240.000000,0
1e-3,wide,wt,5,18.603000,0.818000,36.000000,60.000000,0
1e-3,wide,wt,6,15.417333,0.576000,72.000000,203.000000,0
1e-3,wide,wt,7,10.012333,0.342333,391.000000,393.000000,0
1e-3,wide,wt,8,7.939000,0.179667,30.000000,23.000000,0
1e-3,wide,wt,9,16.062667,0.615000,29.000000,18.000000,0
1e-3,wide,wt,10,16.529000,0.688333,55.000000,105.000000,0
1e-3,wide,wt,11,9.087000,0.323333,42.000000,23.000000,0
1e-3,wide,wt,12,19.100667,0.872000,6.000000,133.000000,0
1e-3,wide,wt,13,16.087000,0.639000,214.000000,57.000000,0
1e-3,wide,wt,14,16.542333,0.597667,89.000000,11.000000,0
1e-3,wide,wt,15,15.582667,0.624667,62.000000,82.000000,0
1e-3,wide,wt,16,14.465667,0.569000,15.000000,30.000000,0
1e-3,wide,wt,17,15.943000,0.652333,78.000000,111.000000,0
1e-3,wide,wt,18,13.432667,0.555667,202.000000,286.000000,0
1e-3,wide,wt,19,12.812333,0.477667,200.000000,140.000000,0
1e-3,wide,wt,20,15.113667,0.565667,8.000000,13.000000,0
1e-3,wide,wt,21,16.206000,0.692333,49.000000,5.000000,0
1e-3,wide,wt,22,17.586667,0.726000,48.000000,48.000000,0
1e-3,wide,wt,23,14.220000,0.549333,139.000000,274.000000,0
1e-3,wide,wt,24,16.332000,0.652667,9.000000,3.000000,0
1e-3,wide,wt,25,17.653000,0.706000,18.000000,22.000000,0
1e-3,wide,wt,26,17.786667,0.758000,10.000000,236.000000,0
1e-3,wide,wt,27,18.758333,0.831000,56.000000,90.000000,0
1e-3,wide,wt,28,18.515333,0.820667,3.000000,17.000000,0
1e-3,wide,wt,29,10.025667,0.321000,3.000000,2.000000,0
1e-3,wide,wt,30,16.686667,0.671000,8.000000,10.000000,0
1e-3,wide,wt,31,17.054667,0.685333,135.000000,115.000000,0
1e-3,wide,wt,32,3.723333,0.119000,214.000000,1.000000,0
1e-3,wide,wt,33,13.366667,0.454000,196.000000,139.000000,0
1e-3,wide,wt,34,9.765000,0.318000,39.000000,10.000000,0
1e-3,wide,wt,35,17.508667,0.734000,3.000000,9.000000,0
1e-3,wide,wt,36,13.559000,0.521000,13.000000,306.000000,0
1e-3,wide,wt,37,16.594667,0.688333,16.000000,18.000000,0
1e-3,wide,wt,38,15.575333,0.617000,2.000000,2.000000,0
1e-3,wide,wt,39,0.001000,0.000000,3000.000000,3000.000000,1
1e-3,wide,wt,40,9.063333,0.340667,311.000000,148.000000,0
1e-3,wide,wt,41,16.876333,0.700333,2.000000,2.000000,0
1e-3,wide,wt,42,6.028333,0.089000,10.000000,1.000000,0
1e-3,wide,wt,43,17.130000,0.708667,55.000000,113.000000,0
1e-3,wide,wt,44,15.531667,0.599667,76.000000,43.000000,0
1e-3,wide,wt,45,11.793667,0.353000,804.000000,71.000000,0
1e-3,wide,wt,46,15.730667,0.635333,135.000000,1.000000,0
1e-3,wide,wt,47,18.308333,0.811667,73.000000,187.000000,0
1e-3,wide,wt,48,10.049667,0.364000,929.000000,976.000000,0
1e-3,wide,wt,49,9.557333,0.282667,876.000000,3.000000,0
1e-3,wide,wt,50,2.228333,0.048000,252.000000,1.000000,0
1e-3,wide,wt,51,10.521000,0.373667,85.000000,239.000000,0
1e-3,wide,wt,52,8.045333,0.288333,35.000000,1.000000,0
1e-3,wide,wt,53,15.307333,0.597000,50.000000,2.000000,0
1e-3,wide,wt,54,10.581000,0.373667,722.000000,1.000000,0
1e-3,wide,wt,55,18.219333,0.779667,20.000000,32.000000,0
1e-3,wide,wt,56,11.165667,0.408000,233.000000,1.000000,0
1e-3,wide,wt,57,9.170667,0.305000,399.000000,372.000000,0
1e-3,wide,wt,58,17.649000,0.729000,23.000000,16.000000,0
1e-3,wide,wt,59,16.484000,0.626333,76.000000,28.000000,0
1e-3,wide,wt,60,17.806333,0.751333,9.000000,13.000000,0
1e-3,wide,wt,61,18.694000,0.822667,3.000000,44.000000,0
1e-3,wide,wt,62,4.435667,0.080000,65.000000,1.000000,0
1e-3,wide,wt,63,18.930667,0.838667,80.000000,216.000000,0
1e-3,wide,wt,64,16.483667,0.667667,43.000000,404.000000,0
1e-3,wide,wt,65,19.084000,0.867000,5.000000,17.000000,0
1e-3,wide,wt,66,5.099333,0.148333,303.000000,6.000000,0
1e-3,wide,wt,67,8.938667,0.276333,1708.000000,1736.000000,0
1e-3,wide,wt,68,18.018000,0.749333,3.000000,14.000000,0
1e-3,wide,wt,69,14.205000,0.478333,169.000000,192.000000,0
1e-3,wide,wt,70,7.908333,0.260667,307.000000,7.000000,0
1e-3,wide,wt,71,11.167333,0.411667,58.000000,1.000000,0
1e-3,wide,wt,72,13.648000,0.498667,192.000000,215.000000,0
1e-3,wide,wt,73,18.052667,0.742667,40.000000,158.000000,0
1e-3,wide,wt,74,16.057333,0.648000,29.000000,22.000000,0
1e-3,wide,wt,75,1.612667,0.000000,3000.000000,1.000000,1
1e-3,wide,wt,76,12.148667,0.376667,229.000000,1.000000,0
1e-3,wide,wt,77,3.212333,0.093333,250.000000,1.000000,0
1e-3,wide,wt,78,10.623000,0.384000,20.000000,4.000000,0
1e-3,wide,wt,79,19.274000,0.886000,40.000000,88.000000,0
1e-3,wide,wt,80,14.799667,0.576000,251.000000,372.000000,0
1e-3,wide,wt,81,2.448000,0.085000,2654.000000,68.000000,0
1e-3,wide,wt,82,13.739000,0.561667,235.000000,493.000000,0
1e-3,wide,wt,83,16.752000,0.629000,377.000000,401.000000,0
1e-3,wide,wt,84,18.343000,0.807667,3.000000,11.000000,0
1e-3,wide,wt,85,17.888667,0.771000,12.000000,14.000000,0
1e-3,wide,wt,86,10.873667,0.430333,16.000000,6.000000,0
1e-3,wide,wt,87,15.181667,0.616667,179.000000,171.000000,0
1e-3,wide,wt,88,17.177667,0.723667,50.000000,94.000000,0
1e-3,wide,wt,89,15.870000,0.622667,224.000000,264.000000,0
1e-3,wide,wt,90,14.931000,0.594000,82.000000,25.000000,0
1e-3,wide,wt,91,9.008333,0.260333,1325.000000,4.000000,0
1e-3,wide,wt,92,16.265000,0.647000,36.000000,36.000000,0
1e-3,wide,wt,93,15.011333,0.647000,99.000000,269.000000,0
1e-3,wide,wt,94,18.587333,0.819000,38.000000,56.000000,0
1e-3,wide,wt,95,8.046000,0.171333,28.000000,10.000000,0
1e-3,wide,wt,96,17.846333,0.762667,73.000000,118.000000,0
1e-3,wide,rn,1,11.564667,0.471667,113.000000,141.000000,0
1e-3,wide,rn,2,2.587333,0.031000,5.000000,1.000000,0
1e-3,wide,rn,3,9.637333,0.340333,225.000000,225.000000,0
1e-3,wide,rn,4,0.972333,0.007333,5.000000,3000.000000,0
1e-3,wide,rn,5,12.415333,0.409667,2.000000,1.000000,0
1e-3,wide,rn,6,6.116667,0.135000,552.000000,13.000000,0
1e-3,wide,rn,7,12.111333,0.423333,808.000000,788.000000,0
1e-3,wide,rn,8,12.657333,0.470000,53.000000,1.000000,0
1e-3,wide,rn,9,14.032000,0.558667,309.000000,344.000000,0
1e-3,wide,rn,10,8.568667,0.293000,8.000000,6.000000,0
1e-3,wide,rn,11,3.050667,0.051333,16.000000,3000.000000,0
1e-3,wide,rn,12,16.129333,0.665000,2.000000,2.000000,0
1e-3,wide,rn,13,5.821000,0.176333,28.000000,1.000000,0
1e-3,wide,rn,14,1.454333,0.021667,3.000000,1.000000,0
1e-3,wide,rn,15,5.202667,0.155000,13.000000,3000.000000,0
1e-3,wide,rn,16,15.034333,0.593333,5.000000,5.000000,0
1e-3,wide,rn,17,15.438333,0.612000,66.000000,392.000000,0
1e-3,wide,rn,18,12.174333,0.454667,26.000000,54.000000,0
1e-3,wide,rn,19,0.367667,0.007667,3000.000000,3000.000000,1
1e-3,wide,rn,20,13.599333,0.540000,3.000000,1467.000000,0
1e-3,wide,rn,21,2.251667,0.052000,367.000000,2.000000,0
1e-3,wide,rn,22,1.557333,0.040333,13.000000,1.000000,0
1e-3,wide,rn,23,4.154333,0.105667,43.000000,18.000000,0
1e-3,wide,rn,24,15.942333,0.619333,3.000000,5.000000,0
1e-3,wide,rn,25,15.215667,0.630333,3.000000,3.000000,0
1e-3,wide,rn,26,13.816000,0.482000,23.000000,28.000000,0
1e-3,wide,rn,27,14.194000,0.578667,160.000000,235.000000,0
1e-3,wide,rn,28,11.217333,0.368667,22.000000,3.000000,0
1e-3,wide,rn,29,7.596000,0.262000,9.000000,6.000000,0
1e-3,wide,rn,30,13.947333,0.587000,557.000000,600.000000,0
1e-3,wide,rn,31,17.456333,0.729667,29.000000,76.000000,0
1e-3,wide,rn,32,6.831667,0.225333,52.000000,1.000000,0
1e-3,wide,rn,33,14.770667,0.557333,86.000000,40.000000,0
1e-3,wide,rn,34,2.412667,0.063667,550.000000,2.000000,0
1e-3,wide,rn,35,15.018333,0.556333,6.000000,7.000000,0
1e-3,wide,rn,36,16.945333,0.713333,9.000000,10.000000,0
1e-3,wide,rn,37,12.636667,0.470333,16.000000,13.000000,0
1e-3,wide,rn,38,10.031000,0.315000,2.000000,1.000000,0
1e-3,wide,rn,39,15.858333,0.647000,49.000000,235.000000,0
1e-3,wide,rn,40,13.310333,0.463000,15.000000,248.000000,0
1e-3,wide,rn,41,10.855667,0.398000,6.000000,235.000000,0
1e-3,wide,rn,42,1.656333,0.030000,129.000000,1.000000,0
1e-3,wide,rn,43,14.561333,0.544333,239.000000,331.000000,0
1e-3,wide,rn,44,6.614333,0.129667,2194.000000,93.000000,0
1e-3,wide,rn,45,15.677000,0.619333,20.000000,93.000000,0
1e-3,wide,rn,46,6.204333,0.228667,13.000000,1.000000,0
1e-3,wide,rn,47,10.133667,0.323000,10.000000,7.000000,0
1e-3,wide,rn,48,12.192333,0.410333,252.000000,274.000000,0
1e-3,wide,rn,49,13.179667,0.483333,93.000000,560.000000,0
1e-3,wide,rn,50,6.498333,0.143333,235.000000,3.000000,0
1e-3,wide,rn,51,13.499000,0.454000,29.000000,45.000000,0
1e-3,wide,rn,52,12.734000,0.430000,13.000000,26.000000,0
1e-3,wide,rn,53,8.187333,0.261333,785.000000,1.000000,0
1e-3,wide,rn,54,10.565667,0.367333,16.000000,18.000000,0
1e-3,wide,rn,55,0.007333,0.000000,3000.000000,3000.000000,1
1e-3,wide,rn,56,6.500333,0.214333,12.000000,1.000000,0
1e-3,wide,rn,57,15.921333,0.656667,86.000000,162.000000,0
1e-3,wide,rn,58,17.621000,0.768333,136.000000,427.000000,0
1e-3,wide,rn,59,13.728667,0.509667,229.000000,241.000000,0
1e-3,wide,rn,60,13.450667,0.506000,15.000000,25.000000,0
1e-3,wide,rn,61,14.879000,0.563667,70.000000,3.000000,0
1e-3,wide,rn,62,14.520667,0.570000,8.000000,1.000000,0
1e-3,wide,rn,63,15.568333,0.611667,45.000000,39.000000,0
1e-3,wide,rn,64,15.250667,0.612667,36.000000,18.000000,0
1e-3,wide,rn,65,2.048000,0.025667,42.000000,1.000000,0
1e-3,wide,rn,66,7.688667,0.270333,1473.000000,1446.000000,0
1e-3,wide,rn,67,2.852333,0.065000,2676.000000,65.000000,0
1e-3,wide,rn,68,11.414333,0.401667,707.000000,788.000000,0
1e-3,wide,rn,69,3.373333,0.126000,32.000000,3000.000000,0
1e-3,wide,rn,70,0.095000,0.000000,3000.000000,2.000000,1
1e-3,wide,rn,71,10.652000,0.336000,5.000000,2.000000,0
1e-3,wide,rn,72,12.192333,0.447333,30.000000,2.000000,0
1e-3,wide,rn,73,18.175333,0.787333,5.000000,11.000000,0
1e-3,wide,rn,74,10.878333,0.371000,50.000000,3.000000,0
1e-3,wide,rn,75,12.295000,0.472000,25.000000,2.000000,0
1e-3,wide,rn,76,9.278333,0.310667,65.000000,88.000000,0
1e-3,wide,rn,77,10.062000,0.334667,16.000000,7.000000,0
1e-3,wide,rn,78,14.691333,0.556333,2.000000,2.000000,0
1e-3,wide,rn,79,14.312000,0.562667,12.000000,11.000000,0
1e-3,wide,rn,80,1.258667,0.023333,2661.000000,1.000000,0
1e-3,wide,rn,81,9.611333,0.365333,16.000000,1.000000,0
1e-3,wide,rn,82,1.472000,0.011667,3000.000000,2.000000,1
1e-3,wide,rn,83,6.214000,0.184667,25.000000,1.000000,0
1e-3,wide,rn,84,0.173333,0.000000,3000.000000,1.000000,1
1e-3,wide,rn,85,11.047333,0.398667,32.000000,2.000000,0
1e-3,wide,rn,86,4.192000,0.118667,82.000000,1.000000,0
1e-3,wide,rn,87,9.189000,0.296333,140.000000,12.000000,0
1e-3,wide,rn,88,14.852333,0.592333,237.000000,357.000000,0
1e-3,wide,rn,89,2.499333,0.072000,173.000000,1.000000,0
1e-3,wide,rn,90,16.561667,0.676667,19.000000,266.000000,0
1e-3,wide,rn,91,5.375333,0.106667,5.000000,1.000000,0
1e-3,wide,rn,92,9.566000,0.295333,52.000000,21.000000,0
1e-3,wide,rn,93,15.677333,0.610000,2.000000,2.000000,0
1e-3,wide,rn,94,12.757000,0.432000,10.000000,5.000000,0
1e-3,wide,rn,95,1.143000,0.001000,3000.000000,3000.000000,1
1e-3,wide,rn,96,11.901667,0.448333,33.000000,35.000000,0
