half,seed,random_wt_plateau,random_wt_floor,random_rn_plateau,random_rn_floor,random_gap_auc_success,random_gap_episodes_to_30pct_success,m1_wt_plateau,m1_wt_floor,m1_rn_plateau,m1_rn_floor,m1_gap_auc_success,m1_gap_episodes_to_30pct_success,shuffled_wt_plateau,shuffled_wt_floor,shuffled_rn_plateau,shuffled_rn_floor,shuffled_gap_auc_success,shuffled_gap_episodes_to_30pct_success,measured_interaction_auc_success,measured_interaction_episodes_to_30pct_success,placement_interaction_auc_success,placement_interaction_episodes_to_30pct_success
ppo,225,79.066667,0.000000,74.400000,0.000000,0.068667,107.000000,82.400000,0.000000,80.133333,0.000000,0.055667,-44.000000,82.133333,0.000000,68.666667,0.000000,0.063667,1024.000000,-0.013000,-151.000000,-0.008000,-1068.000000
ppo,226,80.000000,0.000000,72.000000,0.000000,0.061000,634.000000,71.200000,0.000000,74.533333,0.000000,0.075333,1194.000000,81.600000,0.000000,79.200000,0.000000,0.020000,181.000000,0.014333,560.000000,0.055333,1013.000000
ppo,227,81.333333,0.000000,63.066667,0.000000,0.107000,-861.000000,75.200000,0.000000,51.600000,0.000000,0.106000,-110.000000,64.266667,0.000000,60.533333,0.000000,0.051000,269.000000,-0.001000,751.000000,0.055000,-379.000000
ppo,228,65.466667,0.000000,75.733333,0.000000,0.060333,192.000000,70.533333,0.000000,74.000000,0.000000,0.068667,969.000000,69.866667,0.000000,73.866667,0.000000,0.050667,1221.000000,0.008333,777.000000,0.018000,-252.000000
ppo,229,74.666667,0.000000,80.000000,0.000000,-0.013667,-173.000000,77.200000,0.000000,75.333333,0.000000,-0.025000,-884.000000,77.466667,0.000000,72.266667,0.000000,0.083000,227.000000,-0.011333,-711.000000,-0.108000,-1111.000000
ppo,230,69.866667,0.000000,69.600000,0.000000,0.115000,189.000000,84.266667,0.000000,75.333333,0.000000,0.110333,735.000000,80.533333,0.000000,74.533333,0.000000,0.091333,978.000000,-0.004667,546.000000,0.019000,-243.000000
ppo,231,75.600000,0.133333,69.066667,0.000000,0.017000,-68.000000,64.933333,0.133333,65.733333,0.000000,-0.017667,-1239.000000,76.133333,0.666667,60.533333,0.266667,0.060000,26.000000,-0.034667,-1171.000000,-0.077667,-1265.000000
ppo,232,79.066667,0.000000,78.800000,0.000000,0.043000,-106.000000,77.866667,0.000000,61.600000,0.000000,0.124000,1250.000000,79.066667,0.000000,70.933333,0.000000,0.081667,1174.000000,0.081000,1356.000000,0.042333,76.000000
ppo,233,86.666667,0.000000,83.600000,0.000000,0.099333,1041.000000,79.600000,0.000000,72.400000,0.000000,0.058667,833.000000,80.400000,0.000000,80.400000,0.000000,0.099333,1189.000000,-0.040667,-208.000000,-0.040667,-356.000000
ppo,234,79.600000,0.000000,70.933333,0.000000,0.056333,110.000000,74.933333,0.000000,62.800000,0.000000,0.089333,200.000000,68.666667,0.000000,71.733333,0.000000,-0.071667,-57.000000,0.033000,90.000000,0.161000,257.000000
ppo,235,76.400000,0.000000,71.333333,0.000000,0.067667,247.000000,74.933333,0.000000,62.000000,0.000000,0.106000,-1027.000000,72.400000,0.000000,66.533333,0.000000,0.039667,-1199.000000,0.038333,-1274.000000,0.066333,172.000000
ppo,236,80.400000,0.000000,70.800000,0.000000,0.090667,301.000000,78.266667,0.000000,56.933333,0.000000,0.126333,218.000000,79.600000,0.000000,69.066667,0.000000,0.150000,1269.000000,0.035667,-83.000000,-0.023667,-1051.000000
ppo,237,77.466667,0.000000,62.000000,0.000000,0.192667,1360.000000,78.533333,0.000000,51.600000,0.000000,0.239000,1234.000000,78.666667,0.000000,80.133333,0.000000,0.010333,1032.000000,0.046333,-126.000000,0.228667,202.000000
ppo,238,71.066667,0.000000,66.000000,0.000000,0.096667,1103.000000,83.333333,0.000000,72.933333,0.000000,0.196667,1086.000000,85.733333,0.000000,75.733333,0.000000,0.113000,1047.000000,0.100000,-17.000000,0.083667,39.000000
ppo,239,73.466667,0.000000,68.400000,0.000000,0.090333,116.000000,72.400000,0.000000,71.466667,0.000000,0.052000,1320.000000,82.533333,0.000000,75.200000,0.000000,0.144000,1277.000000,-0.038333,1204.000000,-0.092000,43.000000
ppo,240,78.133333,0.133333,70.400000,0.000000,0.037667,-16.000000,67.333333,0.000000,64.800000,0.000000,-0.001000,12.000000,72.266667,0.000000,62.400000,0.000000,0.106000,366.000000,-0.038667,28.000000,-0.107000,-354.000000
ppo,241,81.066667,0.000000,66.000000,0.000000,0.074000,1061.000000,78.666667,0.000000,69.200000,0.000000,0.045333,-15.000000,67.600000,0.000000,66.400000,0.000000,0.058000,1026.000000,-0.028667,-1076.000000,-0.012667,-1041.000000
ppo,242,83.866667,0.000000,74.933333,0.000000,0.104333,1049.000000,76.533333,0.000000,71.866667,0.000000,0.095667,1264.000000,81.200000,0.000000,66.933333,0.000000,0.067000,-1139.000000,-0.008667,215.000000,0.028667,2403.000000
ppo,243,79.333333,0.000000,61.866667,0.000000,0.134667,1317.000000,74.933333,0.000000,71.866667,0.000000,0.069333,1182.000000,79.866667,0.000000,72.266667,0.000000,0.106667,1288.000000,-0.065333,-135.000000,-0.037333,-106.000000
ppo,244,70.000000,0.000000,61.600000,0.000000,0.012667,-23.000000,65.066667,0.000000,68.133333,0.000000,0.050667,1185.000000,74.266667,0.000000,63.333333,0.000000,0.090333,895.000000,0.038000,1208.000000,-0.039667,290.000000
ppo,245,81.066667,0.000000,72.133333,0.000000,0.121333,1071.000000,77.866667,0.000000,80.666667,0.000000,0.122333,882.000000,78.933333,0.000000,79.466667,0.000000,0.075333,917.000000,0.001000,-189.000000,0.047000,-35.000000
ppo,246,82.000000,0.000000,76.266667,0.000000,0.064667,1001.000000,73.866667,0.000000,74.666667,0.000000,0.029333,277.000000,75.600000,0.000000,74.000000,0.000000,0.105333,286.000000,-0.035333,-724.000000,-0.076000,-9.000000
ppo,247,78.400000,0.000000,61.466667,0.000000,0.126333,1030.000000,79.466667,0.000000,68.800000,0.000000,0.094000,203.000000,83.866667,0.000000,59.066667,0.000000,0.252667,1199.000000,-0.032333,-827.000000,-0.158667,-996.000000
ppo,248,81.733333,0.000000,73.733333,0.000000,0.084000,1053.000000,81.600000,0.000000,62.800000,0.000000,0.185333,1108.000000,80.133333,0.000000,69.200000,0.000000,0.092333,1039.000000,0.101333,55.000000,0.093000,69.000000
ppo,249,83.333333,0.000000,75.066667,0.000000,0.139000,1182.000000,77.333333,0.000000,69.600000,0.000000,0.138000,1273.000000,74.133333,0.000000,74.933333,0.000000,-0.061333,-284.000000,-0.001000,91.000000,0.199333,1557.000000
ppo,250,61.733333,0.000000,79.600000,0.000000,-0.058667,3.000000,69.066667,0.000000,59.066667,0.000000,0.120000,397.000000,69.066667,0.000000,62.933333,0.000000,0.121333,286.000000,0.178667,394.000000,-0.001333,111.000000
ppo,251,78.400000,0.000000,80.533333,0.000000,0.041333,1171.000000,83.733333,0.000000,80.000000,0.000000,0.077667,-2.000000,78.533333,0.000000,72.266667,0.000000,-0.004333,-849.000000,0.036333,-1173.000000,0.082000,847.000000
ppo,252,69.733333,0.000000,62.266667,0.000000,0.066667,182.000000,77.200000,0.000000,65.200000,0.000000,0.200000,1409.000000,77.200000,0.000000,78.000000,0.000000,0.051000,-224.000000,0.133333,1227.000000,0.149000,1633.000000
ppo,253,76.266667,0.000000,74.000000,0.000000,-0.005000,-972.000000,83.333333,0.000000,77.200000,0.000000,0.050667,46.000000,67.600000,0.000000,80.266667,0.000000,-0.036333,-31.000000,0.055667,1018.000000,0.087000,77.000000
ppo,254,67.333333,0.000000,68.133333,0.000000,-0.006000,-52.000000,85.066667,0.000000,77.333333,0.000000,0.036000,218.000000,78.133333,0.000000,72.666667,0.000000,0.054333,173.000000,0.042000,270.000000,-0.018333,45.000000
ppo,255,79.600000,0.000000,71.333333,0.000000,0.139667,261.000000,83.200000,0.000000,73.466667,0.000000,0.106667,1017.000000,79.866667,0.000000,76.400000,0.000000,0.038667,-91.000000,-0.033000,756.000000,0.068000,1108.000000
ppo,256,79.600000,0.000000,64.800000,0.000000,0.260333,1516.000000,73.733333,0.000000,73.066667,0.000000,0.114333,1305.000000,75.466667,0.000000,76.000000,0.000000,0.145000,1223.000000,-0.146000,-211.000000,-0.030667,82.000000
reading,257,13.600000,0.000000,74.533333,0.000000,-0.594000,-2717.000000,10.400000,0.000000,51.066667,0.000000,-0.360333,-2738.000000,26.933333,0.000000,72.533333,0.000000,-0.454667,-1468.000000,0.233667,-21.000000,0.094333,-1270.000000
reading,258,74.000000,0.000000,43.600000,0.000000,0.265667,244.000000,58.666667,0.000000,50.533333,0.000000,0.073000,107.000000,72.000000,0.000000,72.666667,0.000000,-0.067667,-80.000000,-0.192667,-137.000000,0.140667,187.000000
reading,259,68.400000,0.133333,30.666667,0.000000,0.370667,1092.000000,0.000000,0.000000,27.866667,0.000000,-0.229333,-1921.000000,57.466667,0.000000,51.066667,0.000000,0.125333,234.000000,-0.600000,-3013.000000,-0.354667,-2155.000000
reading,260,77.600000,0.000000,91.466667,0.000000,-0.171000,-111.000000,58.133333,0.000000,70.666667,0.000000,-0.133000,-198.000000,69.733333,0.000000,84.666667,0.000000,-0.241667,-301.000000,0.038000,-87.000000,0.108667,103.000000
reading,261,9.066667,0.000000,40.133333,0.000000,-0.304333,-2568.000000,39.600000,0.000000,21.466667,0.000000,0.073333,60.000000,20.666667,0.000000,28.266667,0.000000,-0.021000,-2067.000000,0.377667,2628.000000,0.094333,2127.000000
reading,262,30.800000,0.000000,68.933333,0.000000,-0.362667,-1141.000000,49.333333,0.000000,85.333333,0.000000,-0.347667,-247.000000,36.666667,0.000000,74.400000,0.000000,-0.409333,-527.000000,0.015000,894.000000,0.061667,280.000000
reading,263,90.800000,0.000000,76.133333,0.000000,0.415000,789.000000,78.266667,0.000000,79.200000,0.000000,-0.027000,117.000000,78.266667,0.000000,67.866667,0.000000,0.205000,293.000000,-0.442000,-672.000000,-0.232000,-176.000000
reading,264,64.666667,0.000000,25.866667,0.000000,0.250667,42.000000,31.600000,0.000000,63.333333,0.000000,-0.359667,-812.000000,87.466667,0.000000,19.066667,0.000000,0.621667,2666.000000,-0.610333,-854.000000,-0.981333,-3478.000000
reading,265,81.733333,0.000000,90.133333,0.000000,-0.180333,-343.000000,61.333333,0.000000,55.733333,0.000000,0.344333,1917.000000,38.933333,0.000000,61.200000,0.000000,-0.259333,-782.000000,0.524667,2260.000000,0.603667,2699.000000
reading,266,86.800000,0.000000,64.266667,0.000000,0.258333,107.000000,33.066667,0.000000,20.000000,0.000000,0.120667,1283.000000,58.000000,0.000000,71.200000,0.000000,-0.080333,-10.000000,-0.137667,1176.000000,0.201000,1293.000000
reading,267,83.066667,0.000000,8.266667,0.000000,0.623667,2602.000000,52.933333,0.000000,31.200000,0.000000,0.208000,1030.000000,2.533333,0.000000,17.733333,0.000000,-0.125667,-0.000000,-0.415667,-1572.000000,0.333667,1030.000000
reading,268,80.933333,0.000000,4.133333,0.000000,0.722333,2838.000000,67.066667,0.000000,1.866667,0.000000,0.538667,2683.000000,78.666667,0.000000,10.000000,0.266667,0.576667,2719.000000,-0.183667,-155.000000,-0.038000,-36.000000
reading,269,29.733333,0.000000,48.000000,0.000000,-0.218333,-1257.000000,83.066667,0.000000,30.933333,0.000000,0.523000,571.000000,8.400000,0.000000,81.466667,0.000000,-0.502667,-2323.000000,0.741333,1828.000000,1.025667,2894.000000
reading,270,56.533333,0.000000,48.133333,0.000000,0.047333,-74.000000,39.600000,0.000000,28.800000,0.000000,0.123000,373.000000,18.266667,0.000000,19.600000,0.000000,-0.061667,-0.000000,0.075667,447.000000,0.184667,373.000000
reading,271,72.400000,0.000000,75.466667,0.000000,0.043333,47.000000,63.200000,0.000000,49.466667,0.000000,0.084667,104.000000,39.066667,0.000000,86.000000,0.000000,-0.488667,-1077.000000,0.041333,57.000000,0.573333,1181.000000
reading,272,50.266667,0.000000,89.600000,0.000000,-0.335000,-164.000000,67.466667,0.133333,46.400000,0.000000,0.216000,227.000000,41.600000,0.000000,47.733333,0.000000,-0.022333,53.000000,0.551000,391.000000,0.238333,174.000000
reading,273,71.733333,0.000000,62.533333,0.000000,0.115333,151.000000,82.133333,0.000000,21.600000,0.000000,0.488000,614.000000,85.600000,0.000000,17.200000,0.000000,0.553333,2725.000000,0.372667,463.000000,-0.065333,-2111.000000
reading,274,19.466667,0.000000,54.266667,0.000000,-0.209333,-904.000000,60.666667,0.000000,5.600000,0.000000,0.473000,2684.000000,30.666667,0.000000,75.600000,0.000000,-0.423667,-1559.000000,0.682333,3588.000000,0.896667,4243.000000
reading,275,38.666667,0.000000,44.800000,0.000000,-0.020667,-126.000000,44.666667,0.000000,16.400000,0.000000,0.313667,2574.000000,16.400000,0.000000,5.066667,0.000000,0.107333,-0.000000,0.334333,2700.000000,0.206333,2574.000000
reading,276,65.200000,0.000000,24.266667,0.000000,0.313000,2033.000000,73.066667,0.000000,31.600000,0.000000,0.444333,947.000000,66.933333,0.000000,25.333333,0.000000,0.454000,2440.000000,0.131333,-1086.000000,-0.009667,-1493.000000
reading,277,29.866667,0.000000,7.333333,0.000000,0.156000,986.000000,47.866667,0.000000,48.533333,0.000000,-0.010333,-146.000000,9.733333,0.000000,33.866667,0.000000,-0.082000,-358.000000,-0.166333,-1132.000000,0.071667,212.000000
reading,278,10.000000,0.000000,80.266667,0.000000,-0.496667,-2494.000000,84.266667,0.000000,60.000000,0.000000,0.349000,954.000000,11.866667,0.000000,8.266667,0.000000,0.014000,-0.000000,0.845667,3448.000000,0.335000,954.000000
reading,279,50.266667,0.000000,75.066667,0.000000,-0.268333,-319.000000,12.400000,0.000000,90.533333,0.000000,-0.688000,-2653.000000,30.400000,0.000000,87.466667,0.000000,-0.492000,-779.000000,-0.419667,-2334.000000,-0.196000,-1874.000000
reading,280,1.200000,0.000000,90.400000,1.466667,-0.828000,-2794.000000,8.800000,0.000000,88.400000,0.400000,-0.783333,-2793.000000,45.733333,0.000000,77.066667,0.266667,-0.240333,-302.000000,0.044667,1.000000,-0.543000,-2491.000000
reading,281,63.066667,0.000000,75.066667,0.000000,-0.281000,-676.000000,69.600000,0.000000,52.266667,0.000000,0.100000,-54.000000,55.866667,0.000000,62.400000,0.000000,-0.058333,195.000000,0.381000,622.000000,0.158333,-249.000000
reading,282,86.000000,0.000000,78.000000,0.000000,0.125000,154.000000,29.866667,0.000000,67.600000,0.000000,-0.388667,-996.000000,76.800000,0.000000,77.333333,0.000000,0.121333,289.000000,-0.513667,-1150.000000,-0.510000,-1285.000000
reading,283,62.000000,0.000000,83.066667,0.533333,-0.200000,-185.000000,72.533333,0.000000,39.866667,0.000000,0.283667,650.000000,60.933333,0.000000,56.800000,0.133333,0.285000,931.000000,0.483667,835.000000,-0.001333,-281.000000
reading,284,87.333333,0.000000,83.733333,0.000000,0.046000,200.000000,67.466667,0.000000,43.600000,0.000000,0.198000,131.000000,36.666667,0.000000,55.066667,0.000000,-0.127667,218.000000,0.152000,-69.000000,0.325667,-87.000000
reading,285,0.133333,0.000000,94.800000,0.000000,-0.858000,-2751.000000,49.733333,0.000000,67.333333,0.000000,-0.218667,-417.000000,44.133333,0.000000,65.733333,0.000000,-0.340667,-354.000000,0.639333,2334.000000,0.122000,-63.000000
reading,286,62.133333,0.000000,82.666667,0.000000,-0.133000,-104.000000,0.133333,0.000000,52.666667,0.000000,-0.447667,-2588.000000,29.200000,0.000000,73.733333,0.400000,-0.472000,-1124.000000,-0.314667,-2484.000000,0.024333,-1464.000000
reading,287,84.133333,0.000000,73.466667,0.000000,0.069000,-28.000000,85.866667,0.000000,40.000000,0.000000,0.333667,-87.000000,89.733333,0.000000,50.000000,0.000000,0.401000,205.000000,0.264667,-59.000000,-0.067333,-292.000000
reading,288,22.800000,0.000000,44.533333,0.000000,-0.151667,-1847.000000,41.333333,0.000000,37.866667,0.000000,0.138333,614.000000,43.600000,0.000000,42.000000,0.000000,0.062667,568.000000,0.290000,2461.000000,0.075667,46.000000
reading,289,62.400000,0.000000,48.400000,0.000000,0.173000,234.000000,59.200000,0.000000,78.000000,0.000000,-0.228667,-195.000000,49.866667,0.000000,64.400000,0.000000,-0.264333,-952.000000,-0.401667,-429.000000,0.035667,757.000000
reading,290,35.866667,0.000000,38.133333,0.000000,-0.004333,-200.000000,69.200000,0.000000,65.466667,0.000000,0.116667,331.000000,68.400000,0.000000,76.400000,0.000000,-0.133667,-32.000000,0.121000,531.000000,0.250333,363.000000
reading,291,54.000000,0.000000,76.933333,0.000000,-0.238000,-575.000000,65.466667,0.000000,37.600000,0.000000,0.206000,-97.000000,20.000000,0.000000,46.133333,0.000000,-0.186000,-780.000000,0.444000,478.000000,0.392000,683.000000
reading,292,89.200000,0.000000,78.800000,0.000000,0.108000,-7.000000,22.266667,0.000000,64.400000,0.000000,-0.430000,-2573.000000,80.000000,0.000000,77.200000,0.000000,0.032000,-51.000000,-0.538000,-2566.000000,-0.462000,-2522.000000
reading,293,7.333333,0.000000,56.266667,0.000000,-0.463333,-2574.000000,40.800000,0.000000,82.933333,0.000000,-0.290667,82.000000,55.600000,0.000000,69.200000,0.000000,0.021000,190.000000,0.172667,2656.000000,-0.311667,-108.000000
reading,294,74.933333,0.000000,48.133333,0.000000,0.296333,330.000000,22.800000,0.000000,68.000000,0.400000,-0.476000,-2754.000000,50.800000,0.000000,62.533333,0.000000,-0.102333,-107.000000,-0.772333,-3084.000000,-0.373667,-2647.000000
reading,295,14.400000,0.000000,89.733333,0.000000,-0.652333,-2759.000000,70.666667,0.000000,87.333333,0.000000,0.033667,281.000000,22.400000,0.000000,85.600000,0.000000,-0.368667,-302.000000,0.686000,3040.000000,0.402333,583.000000
reading,296,38.533333,0.000000,68.533333,0.000000,-0.244333,-844.000000,37.733333,0.000000,62.666667,0.000000,-0.251000,-1163.000000,40.933333,0.000000,41.466667,0.000000,-0.083000,-746.000000,-0.006667,-319.000000,-0.168000,-417.000000
reading,297,15.466667,0.000000,88.933333,0.000000,-0.720333,-2715.000000,54.800000,0.000000,79.333333,0.000000,-0.299333,-627.000000,54.533333,0.000000,88.533333,0.000000,-0.316667,-311.000000,0.421000,2088.000000,0.017333,-316.000000
reading,298,11.333333,0.000000,58.800000,0.000000,-0.361333,-2295.000000,51.600000,0.000000,2.000000,0.000000,0.375000,2331.000000,52.933333,0.000000,82.000000,0.000000,-0.249667,-104.000000,0.736333,4626.000000,0.624667,2435.000000
reading,299,59.333333,0.000000,90.533333,0.000000,-0.341667,-204.000000,16.000000,0.000000,22.800000,0.000000,-0.112000,-0.000000,70.666667,0.000000,56.666667,0.000000,0.229000,420.000000,0.229667,204.000000,-0.341000,-420.000000
reading,300,57.333333,0.000000,66.133333,0.000000,-0.096000,-139.000000,20.400000,0.000000,73.733333,0.000000,-0.462000,-1333.000000,38.266667,0.000000,43.600000,0.000000,-0.144667,-199.000000,-0.366000,-1194.000000,-0.317333,-1134.000000
reading,301,36.000000,0.000000,87.866667,0.000000,-0.474000,-523.000000,55.866667,0.000000,88.266667,0.000000,-0.252667,-52.000000,60.400000,0.000000,60.000000,0.000000,-0.070333,-91.000000,0.221333,471.000000,-0.182333,39.000000
reading,302,92.400000,0.000000,89.866667,0.000000,0.049000,129.000000,95.866667,0.000000,90.933333,0.000000,0.204333,214.000000,37.066667,0.000000,87.866667,0.000000,-0.396333,-195.000000,0.155333,85.000000,0.600667,409.000000
reading,303,44.666667,0.000000,78.800000,0.000000,-0.289333,-312.000000,2.133333,0.000000,89.066667,0.000000,-0.759000,-2726.000000,60.666667,0.000000,81.066667,0.000000,-0.222333,-185.000000,-0.469667,-2414.000000,-0.536667,-2541.000000
reading,304,58.666667,0.000000,74.933333,0.000000,-0.157667,-120.000000,81.866667,0.000000,90.933333,0.000000,-0.073667,-25.000000,42.266667,0.000000,86.000000,0.000000,-0.493333,-854.000000,0.084000,95.000000,0.419667,829.000000
